날짜,시가,고가,저가,종가,거래량,등락률,ticker,name
2025-10-17,4150,4150,4030,4030,237300,-2.539298669891173,095570,AJ네트웍스
2025-10-17,10050,10380,9960,10200,10335,1.4925373134328357,006840,AK홀딩스
2025-10-17,3955,3960,3850,3880,138845,-2.0202020202020203,027410,BGF
2025-10-17,105600,106300,104500,105100,41844,-0.37914691943127965,282330,BGF리테일
2025-10-17,14400,14520,14260,14360,864100,-1.2379642365887207,138930,BNK금융지주
2025-10-17,36700,36700,35900,36500,1542,-0.6802721088435374,001460,BYC
2025-10-17,23200,23250,22600,23050,4756,-0.21645021645021645,001465,BYC우
2025-10-17,168700,168700,164200,164200,141413,-2.897693672383205,001040,CJ
2025-10-17,5060,5060,4990,5020,313337,-0.7905138339920948,079160,CJ CGV
2025-10-17,145000,145400,142000,142900,9202,-2.722940776038121,00104K,CJ4우(전환)
2025-10-17,81700,82100,81000,81000,76943,-0.6134969325153374,000120,CJ대한통운
2025-10-17,2805,2820,2765,2785,140975,-0.8896797153024912,011150,CJ씨푸드
2025-10-17,17020,17020,16760,16980,457,-0.41055718475073316,011155,CJ씨푸드1우
2025-10-17,91800,92800,89100,90500,11507,-1.4161220043572984,001045,CJ우
2025-10-17,230500,230500,229000,230000,57620,-0.21691973969631237,097950,CJ제일제당
2025-10-17,137000,137200,135600,137200,8392,0.07293946024799416,097955,CJ제일제당 우
2025-10-17,4800,4805,4770,4770,54384,-0.625,000480,CR홀딩스
2025-10-17,82900,84000,81600,84000,192,0.23866348448687352,000590,CS홀딩스
2025-10-17,1503,1503,1459,1461,630449,-2.859042553191489,012030,DB
2025-10-17,132900,134100,130000,130000,143098,-3.129657228017884,005830,DB손해보험
2025-10-17,9650,9650,9260,9390,149082,-3.1958762886597936,016610,DB증권
2025-10-17,58900,61300,58500,59100,595525,0.3395585738539898,000990,DB하이텍
2025-10-17,0,0,0,1984,0,0.0,000300,DH오토넥스
2025-10-17,19960,20000,19060,19180,94754,-4.577114427860696,001530,DI동일
2025-10-17,0,0,0,515,0,0.0,015590,DKME
2025-10-17,37500,38200,37150,37650,144911,2.0325203252032518,000210,DL
2025-10-17,23300,24250,23200,23350,8344,0.43010752688172044,000215,DL우
2025-10-17,41800,42200,40500,40550,226803,-2.874251497005988,375500,DL이앤씨
2025-10-17,29400,30800,28800,28800,1362,-2.0408163265306123,37550L,DL이앤씨2우(전환)
2025-10-17,19200,19530,19060,19090,5569,-0.5729166666666666,37550K,DL이앤씨우
2025-10-17,23200,23850,23100,23650,63611,1.0683760683760684,007340,DN오토모티브
2025-10-17,4860,5110,4750,4860,88689,0.10298661174047373,004840,DRB동일
2025-10-17,3810,3820,3780,3790,7676,-0.5249343832020997,155660,DSR
2025-10-17,3700,3725,3680,3705,17331,-0.5369127516778524,069730,DSR제강
2025-10-17,21700,23250,21400,22400,310973,2.7522935779816518,017860,DS단석
2025-10-17,3655,3680,3590,3680,22080,0.6839945280437756,092780,DYP
2025-10-17,72800,73200,71900,72300,10447,-0.4132231404958678,017940,E1
2025-10-17,4465,4505,4440,4460,318802,-0.9988901220865706,365550,ESR켄달스퀘어리츠
2025-10-17,64000,64600,62700,63000,109309,-2.476780185758514,383220,F&F
2025-10-17,18300,19100,17900,17900,29270,-1.8102029621503017,007700,F&F홀딩스
2025-10-17,16230,17000,16230,16910,364101,2.8588807785888077,114090,GKL
2025-10-17,45850,46200,45250,45500,208879,-1.6216216216216217,078930,GS
2025-10-17,18610,18640,18200,18260,426338,-1.7222820236813776,006360,GS건설
2025-10-17,2505,2510,2470,2470,389450,-1.3972055888223553,001250,GS글로벌
2025-10-17,16480,16740,16410,16550,133471,-0.30120481927710846,007070,GS리테일
2025-10-17,43050,43800,42900,42900,5409,-1.1520737327188941,078935,GS우
2025-10-17,40500,41250,39250,39700,233821,-1.3664596273291925,499790,GS피앤엘
2025-10-17,17770,17860,17030,17150,227538,-4.510022271714922,012630,HDC
2025-10-17,8340,8340,8100,8150,21882,-1.570048309178744,039570,HDC랩스
2025-10-17,4075,4075,4025,4055,37634,-0.49079754601227,089470,HDC현대EP
2025-10-17,20400,20450,18810,19000,936850,-6.403940886699508,294870,HDC현대산업개발
2025-10-17,426000,434500,419500,420500,134057,-0.4733727810650888,009540,HD한국조선해양
2025-10-17,158500,167500,157700,163000,195280,1.875,267250,HD현대
2025-10-17,97900,98900,93200,94400,148876,0.21231422505307856,267270,HD현대건설기계
2025-10-17,233000,233000,226500,228000,92284,-1.7241379310344827,443060,HD현대마린솔루션
2025-10-17,93400,93600,88900,89300,313958,-2.6172300981461287,071970,HD현대마린엔진
2025-10-17,202500,206000,200000,201000,159171,-0.24813895781637718,010620,HD현대미포
2025-10-17,48700,49300,47600,47700,76852,-3.733602421796166,322000,HD현대에너지솔루션
2025-10-17,15750,15750,14640,14750,1706829,-1.2056262558606832,042670,HD현대인프라코어
2025-10-17,678000,685000,665000,667000,101892,-2.627737226277372,267260,HD현대일렉트릭
2025-10-17,512000,521000,506000,509000,133233,0.19685039370078738,329180,HD현대중공업
2025-10-17,27100,27750,25100,25650,5397895,-1.9120458891013385,097230,HJ중공업
2025-10-17,2320,2355,2275,2300,51524,-0.8620689655172413,014790,HL D&I
2025-10-17,2100,2100,1977,1998,137755,0.4020100502512563,003580,HLB글로벌
2025-10-17,34100,35750,33950,35400,488050,3.6603221083455346,204320,HL만도
2025-10-17,41100,41500,40550,40900,16646,-0.48661800486618007,060980,HL홀딩스
2025-10-17,21300,21300,20700,20800,1431564,-0.7159904534606205,011200,HMM
2025-10-17,8940,8940,8570,8610,41551,-2.380952380952381,035000,HS애드
2025-10-17,10250,10250,9910,9910,41744,-2.6522593320235757,002460,HS화성
2025-10-17,60000,60800,58800,58800,7862,-2.809917355371901,487570,HS효성
2025-10-17,183200,187800,182600,185000,15839,0.05408328826392645,298050,HS효성첨단소재
2025-10-17,0,0,0,10760,0,0.0,003560,IHQ
2025-10-17,61200,61200,59300,60100,12552,-1.7973856209150325,015360,INVENI
2025-10-17,22900,23000,22550,22700,239344,-1.9438444924406046,175330,JB금융지주
2025-10-17,12650,12680,12500,12510,38176,-1.1067193675889329,234080,JW생명과학
2025-10-17,21700,22300,21550,21900,61896,1.3888888888888888,001060,JW중외제약
2025-10-17,60000,60000,60000,60000,10,-0.33222591362126247,001067,JW중외제약2우B
2025-10-17,27800,27800,27300,27500,253,0.0,001065,JW중외제약우
2025-10-17,3220,3265,3205,3205,74655,-0.4658385093167702,096760,JW홀딩스
2025-10-17,2600,2855,2540,2610,4653256,-0.19120458891013384,008970,KBI동양철관
2025-10-17,112500,115900,112400,114000,798346,0.2638522427440633,105560,KB금융
2025-10-17,9340,9420,9240,9350,174160,0.8629989212513484,415640,KB발해인프라
2025-10-17,3980,3985,3945,3985,77108,0.12562814070351758,432320,KB스타리츠
2025-10-17,390000,399000,387500,395500,36904,0.5082592121982211,002380,KCC
2025-10-17,27650,27650,26850,27050,70969,-2.3465703971119134,344820,KCC글라스
2025-10-17,5700,5720,5470,5520,422270,-3.327495621716287,009070,KCTC
2025-10-17,0,0,0,756,0,0.0,009440,KC그린홀딩스
2025-10-17,0,0,0,918,0,0.0,119650,KC코트렐
2025-10-17,858,912,850,851,2092327,-0.7001166861143524,092220,KEC
2025-10-17,3450,3480,3380,3420,245262,-1.0130246020260492,003620,KG모빌리티
2025-10-17,5720,5790,5650,5680,107289,-0.17574692442882248,016380,KG스틸
2025-10-17,5210,5210,5060,5090,260429,-2.3032629558541267,001390,KG케미칼
2025-10-17,0,0,0,5310,0,0.0,033180,KH 필룩스
2025-10-17,25150,25300,24100,24700,28037,-1.984126984126984,001940,KISCO홀딩스
2025-10-17,48550,49150,48000,48250,8584,-0.5154639175257731,025000,KPX케미칼
2025-10-17,68900,69800,68100,69800,1815,1.0130246020260492,092230,KPX홀딩스
2025-10-17,510,514,504,505,197813,-0.9803921568627451,000040,KR모터스
2025-10-17,9340,9440,9250,9390,57314,0.8592910848549946,044450,KSS해운
2025-10-17,49550,50300,49550,49950,300647,-0.1,030200,KT
2025-10-17,138100,140300,138100,139400,321837,0.5046863734679163,033780,KT&G
2025-10-17,3070,3075,2965,2970,540091,-3.257328990228013,058850,KTcs
2025-10-17,2815,2820,2780,2790,138087,-1.238938053097345,058860,KTis
2025-10-17,18190,18360,17940,18200,62067,0.0,093050,LF
2025-10-17,73500,75000,73400,73600,294232,-0.6747638326585695,003550,LG
2025-10-17,14260,14470,14120,14370,1800788,-0.06954102920723226,034220,LG디스플레이
2025-10-17,283000,284000,281000,281500,39510,-0.7054673721340388,051900,LG생활건강
2025-10-17,115000,115200,114000,114700,8745,-0.26086956521739135,051905,LG생활건강우
2025-10-17,63300,63300,61600,62300,669064,-1.7350157728706623,064400,LG씨엔에스
2025-10-17,416000,443000,411500,434000,946272,3.2104637336504163,373220,LG에너지솔루션
2025-10-17,62900,63200,62300,62500,10150,-0.7936507936507936,003555,LG우
2025-10-17,15060,15230,14900,14910,980806,-1.9723865877712032,032640,LG유플러스
2025-10-17,196600,213000,196500,209500,306582,5.808080808080808,011070,LG이노텍
2025-10-17,83300,84700,83100,84200,556190,0.3575685339690107,066570,LG전자
2025-10-17,40650,41000,40200,40950,73177,0.6142506142506142,066575,LG전자우
2025-10-17,2660,2665,2615,2630,93149,-1.1278195488721803,037560,LG헬로비전
2025-10-17,309500,350000,308500,339000,1150682,8.653846153846153,051910,LG화학
2025-10-17,155000,169200,153500,167400,116874,7.860824742268041,051915,LG화학우
2025-10-17,439500,443500,430500,433500,155377,-2.584269662921348,079550,LIG넥스원
2025-10-17,187800,191400,184600,187800,245809,2.176278563656148,006260,LS
2025-10-17,307000,309000,299500,302000,224365,-0.9836065573770493,010120,LS ELECTRIC
2025-10-17,3535,3575,3440,3460,217827,-2.8089887640449436,000680,LS네트웍스
2025-10-17,42550,44150,42100,43000,416913,-1.7142857142857144,229640,LS에코에너지
2025-10-17,58500,59000,57300,57300,76121,-2.218430034129693,108320,LX세미콘
2025-10-17,30300,30300,29600,29650,196682,-2.3064250411861615,001120,LX인터내셔널
2025-10-17,28100,28450,27950,28200,23581,-0.35335689045936397,108670,LX하우시스
2025-10-17,17060,17150,17000,17020,2839,-0.5260081823495032,108675,LX하우시스우
2025-10-17,8120,8140,8000,8080,228624,-0.6150061500615006,383800,LX홀딩스
2025-10-17,8560,8770,8440,8540,1089,-0.23364485981308408,38380K,LX홀딩스1우
2025-10-17,5050,5080,5030,5070,9242,0.39603960396039606,023150,MH에탄올
2025-10-17,260000,260500,254000,255500,1478832,-1.9193857965451053,035420,NAVER
2025-10-17,26150,26800,25950,26300,65128,-0.18975332068311196,181710,NHN
2025-10-17,3390,3400,3365,3380,130025,-0.5882352941176471,400760,NH올원리츠
2025-10-17,20050,20250,19750,19850,519128,-1.9753086419753085,005940,NH투자증권
2025-10-17,18080,18090,17900,17980,45612,-0.5530973451327433,005945,NH투자증권우
2025-10-17,4820,4820,4770,4790,59028,-0.6224066390041494,338100,NH프라임리츠
2025-10-17,13440,13450,13155,13350,62589,-0.6696428571428571,034310,NICE
2025-10-17,13640,13640,13300,13420,85842,-1.6129032258064515,030190,NICE평가정보
2025-10-17,3555,3565,3430,3450,84061,-2.9535864978902953,008260,NI스틸
2025-10-17,4115,4185,4060,4120,31750,0.12150668286755771,004250,NPC
2025-10-17,2490,2510,2470,2500,8731,-0.398406374501992,004255,NPC우
2025-10-17,59300,59800,58300,58700,83774,-1.0118043844856661,456040,OCI
2025-10-17,99700,100500,98300,99400,107486,-1.1928429423459244,010060,OCI홀딩스
2025-10-17,18130,18530,18100,18170,128375,-1.25,178920,PI첨단소재
2025-10-17,5870,6050,5790,5940,154055,0.5076142131979695,001340,PKC
2025-10-17,285500,300000,283000,293000,710893,2.2687609075043627,005490,POSCO홀딩스
2025-10-17,67100,67200,65000,65300,302690,-4.392386530014641,010950,S-Oil
2025-10-17,41500,41800,40000,40400,44925,-2.6506024096385543,010955,S-Oil우
2025-10-17,20300,20350,19910,19910,28322,-2.1621621621621623,034120,SBS
2025-10-17,2785,2825,2775,2810,23264,0.35714285714285715,003080,SB성보
2025-10-17,23150,23200,22900,22950,11585,-0.8639308855291578,005090,SGC에너지
2025-10-17,1732,1732,1681,1707,200416,-0.7558139534883721,001380,SG글로벌
2025-10-17,314,317,312,312,293079,-1.2658227848101267,004060,SG세계물산
2025-10-17,18310,18790,18310,18580,863,0.43243243243243246,001770,SHD
2025-10-17,397,397,393,394,205695,-0.7556675062972292,002360,SH에너지화학
2025-10-17,4820,4835,4725,4750,92192,-1.4522821576763485,009160,SIMPAC
2025-10-17,5790,5930,5680,5770,143833,0.6980802792321117,033530,SJG세종
2025-10-17,3790,3795,3665,3665,115411,-2.5265957446808507,123700,SJM
2025-10-17,3650,3655,3550,3625,11606,-0.5486968449931412,025530,SJM홀딩스
2025-10-17,217500,227000,216000,220500,374450,0.9153318077803204,034730,SK
2025-10-17,106900,112100,106300,109800,517872,1.572617946345976,011790,SKC
2025-10-17,237000,238000,233500,234500,6916,-1.6771488469601679,018670,SK가스
2025-10-17,4750,4750,4650,4665,319749,-1.8927444794952681,001740,SK네트웍스
2025-10-17,51800,51800,50000,50300,18590,-2.3300970873786406,006120,SK디스커버리
2025-10-17,35900,35900,35000,35250,1875,-0.8438818565400843,006125,SK디스커버리우
2025-10-17,12680,12700,12680,12700,92647,0.15772870662460567,210980,SK디앤디
2025-10-17,5090,5110,5040,5070,480839,-0.19685039370078738,395400,SK리츠
2025-10-17,47200,48300,47050,47600,104961,-0.6263048016701461,302440,SK바이오사이언스
2025-10-17,101700,102700,100700,101000,181271,-1.7509727626459144,326030,SK바이오팜
2025-10-17,253500,267000,250500,257500,560679,0.0,402340,SK스퀘어
2025-10-17,31200,34150,30600,33950,706810,8.121019108280255,361610,SK아이이테크놀로지
2025-10-17,22050,22500,20900,21400,2079520,-1.834862385321101,100090,SK오션플랜트
2025-10-17,171000,171900,167700,170000,16365,-0.7009345794392523,03473K,SK우
2025-10-17,114500,119000,113800,116600,701794,0.5172413793103449,096770,SK이노베이션
2025-10-17,72000,74100,71500,73000,7121,0.6896551724137931,096775,SK이노베이션우
2025-10-17,24150,24550,23450,23500,677540,-3.885480572597137,475150,SK이터닉스
2025-10-17,709,709,682,683,3476861,-3.6671368124118473,001510,SK증권
2025-10-17,2575,2575,2400,2540,14995,2.4193548387096775,001515,SK증권우
2025-10-17,59700,62300,59100,60500,72164,0.16556291390728478,285130,SK케미칼
2025-10-17,24850,25600,24850,25300,2979,0.998003992015968,28513K,SK케미칼우
2025-10-17,54600,54700,54300,54500,485639,-0.5474452554744526,017670,SK텔레콤
2025-10-17,451500,475000,449500,465500,4537513,2.8729281767955803,000660,SK하이닉스
2025-10-17,62800,63300,60300,61000,98284,-3.6334913112164293,003570,SNT다이내믹스
2025-10-17,34750,35250,34300,34800,42440,-1.694915254237288,064960,SNT모티브
2025-10-17,50400,50700,47300,47400,379145,-5.105105105105105,100840,SNT에너지
2025-10-17,67400,68000,65600,66000,19916,-3.508771929824561,036530,SNT홀딩스
2025-10-17,51700,51800,51100,51400,5547,-0.3875968992248062,005610,SPC삼립
2025-10-17,0,0,0,3530,0,0.0,011810,STX
2025-10-17,7290,7380,7150,7200,64786,-1.098901098901099,465770,STX그린로지스
2025-10-17,38400,39500,36300,36600,509105,-3.684210526315789,077970,STX엔진
2025-10-17,2590,2605,2535,2565,2324,-0.9652509652509652,002820,SUN&L
2025-10-17,1354,1354,1310,1310,7865,-1.355421686746988,084870,TBH글로벌
2025-10-17,18020,19050,17710,18640,600970,3.6131183991106166,002710,TCC스틸
2025-10-17,18070,18250,18010,18080,50300,-0.6047278724573941,069260,TKG휴켐스
2025-10-17,1806,1823,1770,1778,764833,-0.8365867261572784,007980,TP
2025-10-17,6150,6570,6010,6190,3291978,4.915254237288136,002900,TYM
2025-10-17,1960,1980,1932,1932,7949,-1.4285714285714286,024070,WISCOM
2025-10-17,6700,6710,6510,6550,910335,-2.2388059701492535,037270,YG PLUS
2025-10-17,13610,13620,13280,13320,724359,-3.127272727272727,139130,iM금융지주
2025-10-17,57500,58500,56300,56700,33565,-2.5773195876288657,000500,가온전선
2025-10-17,12240,12380,12120,12180,35488,-0.8950366151342555,000860,강남제비스코
2025-10-17,17600,17730,17590,17590,375947,-0.8455467869222096,035250,강원랜드
2025-10-17,2045,2050,2000,2010,246272,-2.18978102189781,011420,갤럭시아에스엠
2025-10-17,9640,9640,9500,9530,15802,-1.1410788381742738,002100,경농
2025-10-17,73000,73400,71500,72500,27897,0.0,009450,경동나비엔
2025-10-17,20300,20400,20250,20350,12834,0.0,267290,경동도시가스
2025-10-17,56800,57200,55300,56000,22202,-1.7543859649122806,012320,경동인베스트
2025-10-17,6780,6800,6530,6690,26880,-1.0355029585798818,000050,경방
2025-10-17,5960,6080,5860,5990,28560,-0.16666666666666669,214390,경보제약
2025-10-17,3015,3040,2950,2965,74545,-1.658374792703151,012610,경인양행
2025-10-17,20450,20650,20450,20550,1710,-0.7246376811594203,009140,경인전자
2025-10-17,19900,19920,19630,19640,41191,-1.5538847117794485,013580,계룡건설
2025-10-17,1383,1391,1367,1374,33753,-0.6507592190889371,012200,계양전기
2025-10-17,3080,3085,3065,3075,4319,-1.4423076923076923,012205,계양전기우
2025-10-17,2620,2630,2575,2620,99394,0.0,002140,고려산업
2025-10-17,1243000,1270000,1206000,1223000,46006,-5.1937984496124034,010130,고려아연
2025-10-17,17120,17240,16800,17090,16088,1.0047281323877069,002240,고려제강
2025-10-17,5630,5720,5600,5620,63387,-1.056338028169014,009290,광동제약
2025-10-17,1290,1353,1290,1305,275356,-0.6092916984006093,017040,광명전기
2025-10-17,1980,2000,1971,1978,40985,0.0,017900,광전자
2025-10-17,30550,30850,30250,30450,15136,-0.49019607843137253,037710,광주신세계
2025-10-17,9330,9330,9060,9100,160806,-2.88153681963714,030610,교보증권
2025-10-17,4320,4320,4200,4200,81940,-1.9836639439906651,339770,교촌에프앤비
2025-10-17,35100,35750,34750,35300,13522,0.2840909090909091,007690,국도화학
2025-10-17,0,0,0,2110,0,0.0,001140,국보
2025-10-17,4345,4350,4290,4295,85577,-1.7162471395881007,002720,국제약품
2025-10-17,7070,7230,7050,7070,48352,-1.118881118881119,083420,그린케미칼
2025-10-17,3305,3310,3275,3275,162329,-1.0574018126888218,014530,극동유화
2025-10-17,5190,6520,5050,6520,7123226,29.880478087649404,014280,금강공업
2025-10-17,8800,9390,8800,9390,42114,29.87551867219917,014285,금강공업우
2025-10-17,58500,58600,57500,58600,1456,0.17094017094017094,008870,금비
2025-10-17,0,0,0,9900,0,0.0,001570,금양
2025-10-17,3665,3665,3550,3550,116136,-3.1377899045020468,002990,금호건설
2025-10-17,11200,11280,11070,11170,676,-0.08944543828264759,002995,금호건설우
2025-10-17,110800,113000,110000,112300,109699,1.08010801080108,011780,금호석유화학
2025-10-17,59100,59600,58700,59500,7231,0.676818950930626,011785,금호석유화학우
2025-10-17,616,639,610,632,1193694,1.935483870967742,214330,금호에이치티
2025-10-17,731,757,697,710,891114,-2.203856749311295,001210,금호전기
2025-10-17,4555,4665,4535,4640,616172,0.8695652173913043,073240,금호타이어
2025-10-17,2485,2495,2445,2450,20751,-1.4084507042253522,092440,기신정기
2025-10-17,110800,113400,110100,112100,1054766,0.7187780772686434,000270,기아
2025-10-17,19110,19240,19010,19090,680628,-0.8826583592938734,024110,기업은행
2025-10-17,1070,1072,1059,1060,65369,-0.841908325537886,013700,까뮤이앤씨
2025-10-17,1999,2015,1986,1994,68696,-0.15022533800701052,004540,깨끗한나라
2025-10-17,12290,12290,11730,11750,265,0.3415883859948762,004545,깨끗한나라우
2025-10-17,8440,8440,8160,8250,41187,-1.4336917562724014,001260,남광토건
2025-10-17,1117,1145,1115,1124,524044,-0.26619343389529726,008350,남선알미늄
2025-10-17,12700,12700,12510,12510,248,-0.47732696897374705,008355,남선알미우
2025-10-17,957,960,941,958,79489,0.0,004270,남성
2025-10-17,56400,56400,54500,55500,5117,-1.2455516014234875,003920,남양유업
2025-10-17,35700,36600,34900,35950,5531,0.700280112044818,003925,남양유업우
2025-10-17,6740,6750,6650,6680,93188,-0.5952380952380952,025860,남해화학
2025-10-17,5510,5520,5340,5350,44811,-2.9038112522686026,005720,넥센
2025-10-17,5000,5000,4450,4465,157,-3.771551724137931,005725,넥센우
2025-10-17,6190,6190,6030,6140,120186,0.8210180623973727,002350,넥센타이어
2025-10-17,3290,3425,3290,3295,12242,-0.9022556390977444,002355,넥센타이어1우B
2025-10-17,12010,12500,11730,11910,267779,-0.9151414309484194,092790,넥스틸
2025-10-17,55100,55400,53600,54200,170006,-1.9891500904159132,251270,넷마블
2025-10-17,9040,9040,8800,8830,80213,-2.430939226519337,090350,노루페인트
2025-10-17,13480,13690,13360,13360,723,-0.8902077151335311,090355,노루페인트우
2025-10-17,24850,24900,23800,23850,23981,-3.2454361054766734,000320,노루홀딩스
2025-10-17,31400,31750,31200,31650,416,-1.7080745341614907,000325,노루홀딩스우
2025-10-17,129600,130900,127700,128200,72723,-0.9273570324574961,006280,녹십자
2025-10-17,15420,15610,15150,15160,99994,-1.6861219195849546,005250,녹십자홀딩스
2025-10-17,26600,27100,26600,26700,1049,0.0,005257,녹십자홀딩스2우
2025-10-17,429500,432000,424000,429500,36328,0.5854800936768151,004370,농심
2025-10-17,91500,93100,90700,91500,45226,-0.5434782608695652,072710,농심홀딩스
2025-10-17,2840,2935,2810,2865,127401,2.5044722719141324,058730,다스코
2025-10-17,3590,3590,3515,3515,98110,-2.0891364902506964,030210,다올투자증권
2025-10-17,35000,35200,34200,34500,60942,-2.127659574468085,023590,다우기술
2025-10-17,869,869,790,817,250788,-6.091954022988506,145210,다이나믹디자인
2025-10-17,144500,144800,140500,142000,209451,-2.1364576154376294,483650,달바글로벌
2025-10-17,2050,2060,2030,2060,23454,-0.4830917874396135,019680,대교
2025-10-17,1240,1250,1236,1247,6224,-0.5582137161084529,019685,대교우B
2025-10-17,6580,6720,6500,6700,26889,1.82370820668693,006370,대구백화점
2025-10-17,8970,9170,8950,9050,150652,-0.9846827133479212,008060,대덕
2025-10-17,9150,9200,9030,9090,3501,-0.7641921397379913,00806K,대덕1우
2025-10-17,32650,33800,32000,32300,1186284,-3.003003003003003,353200,대덕전자
2025-10-17,10900,11010,10780,10850,12842,-1.3636363636363635,35320K,대덕전자1우
2025-10-17,10040,10130,9800,9840,257845,1.6528925619834711,000490,대동
2025-10-17,0,0,0,15040,0,0.0,008110,대동전자
2025-10-17,4360,4455,4280,4335,56649,-1.3651877133105803,005750,대림바스
2025-10-17,2790,2825,2710,2710,8556,-2.867383512544803,006570,대림통상
2025-10-17,21200,21300,21050,21100,118077,-0.9389671361502347,001680,대상
2025-10-17,16750,16890,16570,16740,8122,-0.41641879833432477,001685,대상우
2025-10-17,9280,9310,9050,9100,90017,-1.9396551724137931,084690,대상홀딩스
2025-10-17,13190,14450,13110,13830,66941,3.055141579731744,084695,대상홀딩스우
2025-10-17,4180,4200,4085,4145,103678,-0.8373205741626795,128820,대성산업
2025-10-17,8110,8140,8060,8070,20406,-0.7380073800738007,117580,대성에너지
2025-10-17,8470,8470,8310,8350,14769,-1.6489988221436984,016710,대성홀딩스
2025-10-17,4450,4450,4420,4445,39996,-0.11235955056179776,0030R0,대신밸류리츠
2025-10-17,27200,27300,26300,26700,818535,-2.376599634369287,003540,대신증권
2025-10-17,19770,19840,19600,19770,35469,0.0,003547,대신증권2우B
2025-10-17,20900,21000,20650,20800,49349,-0.4784688995215311,003545,대신증권우
2025-10-17,1535,1535,1438,1530,1109052,-0.6493506493506493,009190,대양금속
2025-10-17,1130,1130,1113,1114,385543,-1.415929203539823,014160,대영포장
2025-10-17,3725,3725,3630,3630,1211127,-3.5856573705179287,047040,대우건설
2025-10-17,21800,21950,21350,21500,81400,-1.82648401826484,003090,대웅
2025-10-17,137500,138000,134800,135400,24824,-1.023391812865497,069620,대웅제약
2025-10-17,3795,3820,3630,3790,129891,1.6085790884718498,000430,대원강업
2025-10-17,3170,3220,3105,3115,1598032,-2.80811232449298,006340,대원전선
2025-10-17,3915,3945,3780,3800,16218,-2.937420178799489,006345,대원전선우
2025-10-17,13200,13240,13080,13130,34745,-1.203912716328066,003220,대원제약
2025-10-17,884,891,852,858,251361,-3.9193729003359463,024890,대원화성
2025-10-17,1185,1194,1170,1185,89647,0.0,002880,대유에이텍
2025-10-17,1341,1343,1310,1313,489151,-2.087994034302759,012800,대창
2025-10-17,6300,6510,6290,6320,202833,0.7974481658692184,015230,대창단조
2025-10-17,6490,6490,6200,6250,5272,-2.49609984399376,001070,대한방직
2025-10-17,122900,128100,122200,123500,35535,0.0,006650,대한유화
2025-10-17,17730,18280,17430,17570,2723747,-1.8435754189944136,001440,대한전선
2025-10-17,15380,15600,15110,15110,23845,-1.7555266579973992,084010,대한제강
2025-10-17,2870,2875,2835,2850,236694,-0.6968641114982579,001790,대한제당
2025-10-17,2485,2500,2460,2470,54097,-1.3972055888223553,001795,대한제당우
2025-10-17,141700,143900,139700,140200,2171,-0.9887005649717515,001130,대한제분
2025-10-17,77200,78250,75400,76000,223692,-0.6535947712418301,439260,대한조선
2025-10-17,22450,22500,22000,22150,1484563,-0.8948545861297539,003490,대한항공
2025-10-17,22900,23050,22600,22900,3869,-0.8658008658008658,003495,대한항공우
2025-10-17,1695,1699,1669,1669,2206093,-1.88124632569077,005880,대한해운
2025-10-17,109800,110000,108500,110000,198,0.18214936247723132,003830,대한화섬
2025-10-17,1792,1792,1779,1783,71673,-0.446677833612507,016090,대현
2025-10-17,1939,1940,1826,1889,669367,-2.5786487880350695,069460,대호에이엘
2025-10-17,25350,25700,25050,25100,23582,-1.953125,475560,더본코리아
2025-10-17,50300,50900,49800,50000,86014,-1.574803149606299,192080,더블유게임즈
2025-10-17,89300,91900,89200,90000,149658,0.7838745800671892,012510,더존비즈온
2025-10-17,5360,5400,5270,5280,104710,-1.4925373134328357,004830,덕성
2025-10-17,7940,8730,7920,8120,52007,1.7543859649122806,004835,덕성우
2025-10-17,55500,56300,54900,55000,25478,-1.7857142857142856,145720,덴티움
2025-10-17,6310,6330,6170,6270,36382,1.129032258064516,002150,도화엔지니어링
2025-10-17,5420,5500,5340,5390,62719,0.9363295880149813,460850,동국씨엠
2025-10-17,9010,9020,8810,8820,185236,-2.2172949002217295,460860,동국제강
2025-10-17,7340,7380,7230,7280,19375,-0.8174386920980926,001230,동국홀딩스
2025-10-17,32100,32400,31450,32000,1606,-0.3115264797507788,023450,동남합성
2025-10-17,3010,3015,2920,2920,566508,-2.666666666666667,004140,동방
2025-10-17,6150,6150,6080,6090,14819,-0.49019607843137253,007590,동방아그로
2025-10-17,5680,5740,5570,5620,40781,-0.3546099290780142,005960,동부건설
2025-10-17,18900,18900,18540,18770,53,-0.6878306878306878,005965,동부건설우
2025-10-17,27300,28000,27050,27150,76153,-1.6304347826086956,026960,동서
2025-10-17,0,0,0,973,0,0.0,002210,동성제약
2025-10-17,4100,4135,4040,4090,97736,-0.24390243902439024,102260,동성케미컬
2025-10-17,107800,108500,105500,106300,11058,-1.1162790697674418,000640,동아쏘시오홀딩스
2025-10-17,45500,45500,44500,44850,10446,-0.4439511653718091,170900,동아에스티
2025-10-17,15400,15460,15170,15300,23767,-1.034928848641656,028100,동아지질
2025-10-17,1046,1145,1003,1011,37869681,-4.622641509433962,001520,동양
2025-10-17,8600,8940,8600,8910,19042,-0.22396416573348266,001527,동양2우B
2025-10-17,8080,8120,7600,7690,13736,-4.826732673267327,084670,동양고속
2025-10-17,7680,7720,7360,7460,345718,-2.864583333333333,082640,동양생명
2025-10-17,6020,6370,5920,5960,149796,-6.289308176100629,001525,동양우
2025-10-17,1347,1355,1326,1339,292094,-0.9615384615384616,018500,동원금속
2025-10-17,42850,43350,42000,42200,50585,-1.0550996483001172,006040,동원산업
2025-10-17,6280,6330,6190,6300,15552,0.6389776357827476,030720,동원수산
2025-10-17,28800,29950,28400,29700,69382,2.2375215146299485,014820,동원시스템즈
2025-10-17,17550,17900,17550,17900,395,1.5891032917139614,014825,동원시스템즈우
2025-10-17,13860,13860,13600,13600,9953,-2.158273381294964,111380,동인기연
2025-10-17,6770,7400,6680,6820,2711908,1.337295690936107,163560,동일고무벨트
2025-10-17,38500,38500,38100,38150,903,-0.13089005235602094,004890,동일산업
2025-10-17,1615,1630,1590,1590,10503,-1.9123997532387416,002690,동일제강
2025-10-17,6230,6330,6180,6190,42401,-0.6420545746388443,000020,동화약품
2025-10-17,600000,722000,598000,697000,503658,15.016501650165019,000150,두산
2025-10-17,393500,432500,378500,420000,10766,6.734434561626429,000157,두산2우B
2025-10-17,71300,73700,71100,71800,424327,-1.7783857729138166,454910,두산로보틱스
2025-10-17,60200,60200,58400,59300,404801,0.16891891891891891,241560,두산밥캣
2025-10-17,81200,83600,79800,80200,7348394,-4.1816009557945035,034020,두산에너빌리티
2025-10-17,400000,448500,370000,439000,114980,9.75,000155,두산우
2025-10-17,33750,33900,32450,32950,1475379,-4.492753623188406,336260,두산퓨얼셀
2025-10-17,7750,7750,7120,7500,98029,-3.225806451612903,33626K,두산퓨얼셀1우
2025-10-17,11650,11680,11260,11350,6670,-3.404255319148936,33626L,두산퓨얼셀2우B
2025-10-17,3500,3525,3450,3500,48644,-0.2849002849002849,016740,두올
2025-10-17,6280,6280,6130,6200,124676,-1.2738853503184715,192650,드림텍
2025-10-17,12010,12010,11760,11840,2530,-0.08438818565400844,024090,디씨엠
2025-10-17,21750,22250,20900,21050,1237574,-4.966139954853273,003160,디아이
2025-10-17,4840,5000,4750,4775,679994,-1.3429752066115703,092200,디아이씨
2025-10-17,3430,3435,3390,3420,83597,-0.2915451895043732,377190,디앤디플랫폼리츠
2025-10-17,4260,4325,4255,4300,44037,0.5847953216374269,013570,디와이
2025-10-17,2355,2360,2300,2305,141570,-2.1231422505307855,024900,디와이덕양
2025-10-17,12280,12440,12180,12330,57600,0.9828009828009828,210540,디와이파워
2025-10-17,17830,19100,17830,18140,1190005,0.11037527593818984,032350,롯데관광개발
2025-10-17,28950,28950,28300,28500,79779,-1.384083044982699,089860,롯데렌탈
2025-10-17,3880,3885,3835,3880,427188,0.0,330590,롯데리츠
2025-10-17,2005,2020,1919,1925,1051527,-3.6536536536536537,000400,롯데손해보험
2025-10-17,67100,67500,66600,66900,43226,-0.5943536404160475,023530,롯데쇼핑
2025-10-17,25650,27450,25200,27100,247004,4.431599229287091,020150,롯데에너지머티리얼즈
2025-10-17,111300,111800,110200,111000,13230,-0.7155635062611807,280360,롯데웰푸드
2025-10-17,20900,20900,20600,20650,12446,-1.1961722488038278,286940,롯데이노베이트
2025-10-17,47250,47450,46700,47000,54140,-0.5291005291005291,004000,롯데정밀화학
2025-10-17,28600,28950,28350,28500,180073,-1.2131715771230502,004990,롯데지주
2025-10-17,31200,31200,30700,30900,542,0.0,00499K,롯데지주우
2025-10-17,115700,115800,113500,114300,14287,-0.4355400696864111,005300,롯데칠성
2025-10-17,68700,68700,67600,67900,438,-0.14705882352941177,005305,롯데칠성우
2025-10-17,71500,74800,71300,73100,231632,1.5277777777777777,011170,롯데케미칼
2025-10-17,7570,7580,7460,7550,22032,-0.13227513227513227,071840,롯데하이마트
2025-10-17,815,819,808,812,171949,-0.36809815950920244,027740,마니커
2025-10-17,1506,1506,1500,1505,64319,0.0,357430,마스턴프리미어리츠
2025-10-17,51300,51500,48750,51100,26798,-0.3898635477582846,001080,만호제강
2025-10-17,11400,11410,11350,11350,1278698,-0.5258545135845749,088980,맥쿼리인프라
2025-10-17,5250,5310,5250,5290,86597,-0.3766478342749529,094800,맵스리얼티1
2025-10-17,113000,113200,111400,111800,168796,-1.6710642040457344,138040,메리츠금융지주
2025-10-17,1331,1334,1285,1314,66990,-1.2772351615326822,090370,메타랩스
2025-10-17,313,314,306,310,1103486,-2.2082018927444795,118000,메타케어
2025-10-17,1777,1777,1684,1684,110877,-3.7714285714285714,017180,명문제약
2025-10-17,8890,9490,8860,9400,510143,5.499438832772166,009900,명신산업
2025-10-17,96000,98800,90400,91200,438377,-5.687693898655636,317450,명인제약
2025-10-17,2385,2395,2330,2345,74125,-1.6771488469601679,012690,모나리자
2025-10-17,2070,2070,2005,2035,109884,-0.4889975550122249,005360,모나미
2025-10-17,3965,3965,3815,3825,111769,-2.918781725888325,070960,모나용평
2025-10-17,10250,10430,10150,10430,72266,1.557935735150925,009680,모토닉
2025-10-17,2610,2635,2590,2610,58585,0.0,009580,무림P&P
2025-10-17,2000,2030,1989,2020,200135,0.4975124378109453,009200,무림페이퍼
2025-10-17,7970,8070,7840,7860,43372,-1.3801756587202008,033920,무학
2025-10-17,2220,2530,2205,2280,1768932,2.013422818791946,008420,문배철강
2025-10-17,12170,12180,11550,11580,52141,-4.84798685291701,025560,미래산업
2025-10-17,849,853,824,832,69188,-2.0023557126030624,007120,미래아이앤지
2025-10-17,2685,2685,2645,2670,69876,-0.5586592178770949,396690,미래에셋글로벌리츠
2025-10-17,2805,2810,2770,2780,25978,-0.8912655971479502,357250,미래에셋맵스리츠
2025-10-17,8060,8160,7910,7970,143623,-2.208588957055215,085620,미래에셋생명
2025-10-17,21800,22150,21350,21550,2192226,-2.9279279279279278,006800,미래에셋증권
2025-10-17,9770,9780,9430,9560,688793,-3.2388663967611335,00680K,미래에셋증권2우B
2025-10-17,10590,10620,10240,10300,118384,-3.5580524344569286,006805,미래에셋증권우
2025-10-17,37700,38500,37500,38100,113770,0.1314060446780552,081660,미스토홀딩스
2025-10-17,159300,160800,158000,158000,1959,-1.8023617153511498,002840,미원상사
2025-10-17,137100,138900,135800,137100,637,-1.2247838616714697,268280,미원에스씨
2025-10-17,70400,70400,69800,70200,8,-0.2840909090909091,107590,미원홀딩스
2025-10-17,85500,88500,85500,88400,1163,3.8777908343125738,134380,미원화학
2025-10-17,107000,109800,105300,107000,1118,0.0,003650,미창석유
2025-10-17,5790,5790,5620,5640,58756,-1.7421602787456445,377740,바이오노트
2025-10-17,5050,5080,4945,5080,75721,0.594059405940594,003610,방림
2025-10-17,13970,13970,13420,13450,76835,-2.74765003615329,035150,백산
2025-10-17,0,0,0,1935,0,0.0,002410,범양건영
2025-10-17,1864,1864,1838,1842,180578,-1.1802575107296138,007210,벽산
2025-10-17,1030,1033,1021,1028,125202,-0.1941747572815534,002760,보락
2025-10-17,8400,8420,8290,8330,132195,-0.7151370679380215,003850,보령
2025-10-17,447,454,445,452,465210,1.1185682326621924,000890,보해양조
2025-10-17,3610,3690,3600,3610,509371,-0.13831258644536654,003000,부광약품
2025-10-17,65600,65800,62900,63000,44202,-4.689863842662632,001270,부국증권
2025-10-17,26850,27150,26550,26900,3555,-0.5545286506469501,001275,부국증권우
2025-10-17,2260,2480,2210,2280,451288,0.8849557522123894,026940,부국철강
2025-10-17,86800,86800,84200,84800,2938,-1.5098722415795587,011390,부산산업
2025-10-17,0,0,0,486,0,0.0,005030,부산주공
2025-10-17,740,746,734,740,182407,-0.8042895442359249,002070,비비안
2025-10-17,5690,5780,5500,5520,28550,-2.987697715289982,100220,비상교육
2025-10-17,17240,17460,16950,17120,636522,-0.5229517722254503,090460,비에이치
2025-10-17,74400,74400,72300,72800,62288,-2.1505376344086025,005180,빙그레
2025-10-17,38100,38350,37450,37700,23449,-1.4379084967320261,003960,사조대림
2025-10-17,1160,1164,1143,1146,755622,-1.206896551724138,008040,사조동아원
2025-10-17,45650,46750,44900,45050,5987,-1.3143483023001095,007160,사조산업
2025-10-17,9080,9170,8800,8810,64165,-4.030501089324619,014710,사조씨푸드
2025-10-17,9640,9640,9210,9470,13707,-0.3157894736842105,006090,사조오양
2025-10-17,135000,139200,130900,132000,1064793,-4.693140794223827,062040,산일전기
2025-10-17,0,0,0,347,0,0.0,001470,삼부토건
2025-10-17,28050,28350,27300,27850,838846,-1.5901060070671376,028050,삼성E&A
2025-10-17,4440,4450,4410,4445,95232,0.0,448730,삼성FN리츠
2025-10-17,234000,259500,232000,255500,2155134,8.26271186440678,006400,삼성SDI
2025-10-17,139600,153100,138800,149100,35411,6.881720430107527,006405,삼성SDI우
2025-10-17,14400,14500,13940,14010,91819,-2.164804469273743,006660,삼성공조
2025-10-17,214500,216500,208500,210500,433956,-2.995391705069124,028260,삼성물산
2025-10-17,138600,138600,134000,135300,11810,-2.451333813987022,02826K,삼성물산우B
2025-10-17,1127000,1133000,1110000,1117000,77546,-1.412180052956752,207940,삼성바이오로직스
2025-10-17,161100,161100,156200,156700,241728,-3.9239730226854688,032830,삼성생명
2025-10-17,169500,170000,165400,165500,220623,-1.2529832935560858,018260,삼성에스디에스
2025-10-17,200000,208000,199000,207000,561052,2.729528535980149,009150,삼성전기
2025-10-17,88900,91100,88100,91100,31322,2.359550561797753,009155,삼성전기우
2025-10-17,97200,99100,96700,97900,22190608,0.2047082906857728,005930,삼성전자
2025-10-17,74800,76000,74400,75000,3529595,0.13351134846461948,005935,삼성전자우
2025-10-17,1579,1579,1537,1546,372307,-2.089930335655478,001360,삼성제약
2025-10-17,22450,22700,22200,22550,5457195,1.1210762331838564,010140,삼성중공업
2025-10-17,74900,74900,73300,74400,371665,-1.5873015873015872,016360,삼성증권
2025-10-17,16900,16900,16130,16150,19242,-3.003003003003003,068290,삼성출판사
2025-10-17,49400,49750,48950,49450,68059,-0.4028197381671702,029780,삼성카드
2025-10-17,446000,448000,436500,436500,99389,-3.107658157602664,000810,삼성화재
2025-10-17,338500,339500,334000,336500,17188,-0.8836524300441826,000815,삼성화재우
2025-10-17,23550,26300,22900,25400,405057,8.085106382978724,006110,삼아알미늄
2025-10-17,51500,52100,51200,51600,7108,0.1941747572815534,145990,삼양사
2025-10-17,35850,35950,35750,35950,1802,0.2789400278940028,145995,삼양사우
2025-10-17,1389000,1390000,1315000,1326000,76646,-3.2116788321167884,003230,삼양식품
2025-10-17,52700,53300,52700,52900,419,-0.5639097744360901,002170,삼양통상
2025-10-17,15190,15190,14850,14950,53637,-1.5151515151515151,272550,삼양패키징
2025-10-17,101900,104200,100600,100800,26719,-1.1764705882352942,000070,삼양홀딩스
2025-10-17,4750,4790,4570,4610,303241,-2.845100105374078,003720,삼영
2025-10-17,15270,15290,15080,15190,16125,-0.5239030779305829,002810,삼영무역
2025-10-17,10500,10790,10440,10780,77426,2.3741690408357075,005680,삼영전자
2025-10-17,2430,2467,2415,2425,28239,0.0,023000,삼원강재
2025-10-17,0,0,0,9960,0,0.0,004380,삼익THK
2025-10-17,1216,1216,1200,1200,94979,-1.1532125205930808,002450,삼익악기
2025-10-17,4900,4900,4560,4695,59261,-0.7399577167019027,004440,삼일씨엔에스
2025-10-17,9840,9850,9640,9700,146044,-1.2219959266802443,000520,삼일제약
2025-10-17,28850,29000,28650,28750,1014,-0.1736111111111111,009770,삼정펄프
2025-10-17,19630,19650,19490,19560,33558,-0.6097560975609756,005500,삼진제약
2025-10-17,126300,126700,123000,126000,8023,0.0,004690,삼천리
2025-10-17,3400,3400,3360,3385,37651,-0.4411764705882353,010960,삼호개발
2025-10-17,34200,34850,33800,33800,180,-2.0289855072463765,004450,삼화왕관
2025-10-17,35800,37300,35400,36200,103868,1.6853932584269662,009470,삼화전기
2025-10-17,3615,3615,3500,3550,261966,-1.9337016574585635,011230,삼화전자
2025-10-17,34500,36150,34150,34250,347516,0.5873715124816447,001820,삼화콘덴서
2025-10-17,5970,5980,5930,5970,22084,0.0,000390,삼화페인트
2025-10-17,743,743,715,715,462718,-4.793608521970706,001290,상상인증권
2025-10-17,2740,2740,2695,2715,91783,-1.2727272727272727,041650,상신브레이크
2025-10-17,3220,3265,3170,3210,8597,0.7849293563579277,075180,새론오토모티브
2025-10-17,49200,58500,48500,52200,932185,5.030181086519115,007540,샘표
2025-10-17,27700,29500,27000,27900,364610,0.5405405405405406,248170,샘표식품
2025-10-17,9170,9340,9000,9190,48205,0.5470459518599562,007860,서연
2025-10-17,11860,12330,11830,12110,301867,1.3389121338912133,200880,서연이화
2025-10-17,62400,62900,61900,62600,6512,-0.47694753577106513,017390,서울가스
2025-10-17,50100,50200,48850,49100,53017,-2.9644268774703555,031210,서울보증보험
2025-10-17,158,160,157,160,4124381,0.628930817610063,004410,서울식품
2025-10-17,1210,1390,1210,1390,90965,15.833333333333332,004415,서울식품우
2025-10-17,1167,1167,1142,1142,350865,-2.2260273972602738,021050,서원
2025-10-17,25750,25800,25050,25200,38967,-2.1359223300970873,008490,서흥
2025-10-17,0,0,0,3000,0,0.0,007610,선도전기
2025-10-17,10640,10720,10240,10360,114044,-4.516129032258064,136490,선진
2025-10-17,1154,1177,1136,1158,56897,0.34662045060658575,014910,성문전자
2025-10-17,4295,4385,4235,4370,6815,4.295942720763723,014915,성문전자우
2025-10-17,9630,9750,9500,9520,59564,-1.142263759086189,004980,성신양회
2025-10-17,11300,11470,11100,11190,3724,0.2688172043010753,004985,성신양회우
2025-10-17,451,465,418,422,3208260,-4.524886877828054,011300,성안머티리얼스
2025-10-17,1645,1655,1614,1654,75296,0.06049606775559589,000180,성창기업지주
2025-10-17,5550,5630,5430,5630,7170,1.4414414414414414,002420,세기상사
2025-10-17,13700,13740,13420,13700,54283,0.0,004360,세방
2025-10-17,8640,8650,8540,8570,2660,-0.6952491309385863,004365,세방우
2025-10-17,64100,65700,63800,65100,40455,0.6182380216383307,004490,세방전지
2025-10-17,25500,25650,25000,25200,156038,-1.1764705882352942,001430,세아베스틸지주
2025-10-17,125800,127400,124400,126100,6756,0.3980891719745223,306200,세아제강
2025-10-17,146900,148000,143000,146300,14808,-1.3486176668914363,003030,세아제강지주
2025-10-17,15580,15580,15400,15440,14911,-0.8985879332477535,019440,세아특수강
2025-10-17,117700,120400,117300,119200,550,1.274426508071368,058650,세아홀딩스
2025-10-17,1144,1168,1137,1155,217600,0.9615384615384616,013000,세우글로벌
2025-10-17,320,320,275,310,11885778,14.391143911439114,091090,세원이앤씨
2025-10-17,11020,11020,10770,10770,17303,-1.3736263736263736,021820,세원정공
2025-10-17,2575,2575,2520,2560,25561,-0.7751937984496124,067830,세이브존I&C
2025-10-17,21700,22200,20050,20100,1586713,-4.964539007092199,075580,세진중공업
2025-10-17,174200,176500,173050,175000,463695,-0.5681818181818182,068270,셀트리온
2025-10-17,8520,9070,8480,8920,479566,3.6004645760743323,336370,솔루스첨단소재
2025-10-17,1810,1837,1791,1830,79810,1.1049723756906076,33637K,솔루스첨단소재1우
2025-10-17,3645,3805,3645,3785,9044,0.7989347536617843,33637L,솔루스첨단소재2우B
2025-10-17,16990,17330,16760,16990,221200,0.0,248070,솔루엠
2025-10-17,9620,9770,9540,9690,42427,0.7276507276507277,004430,송원산업
2025-10-17,1818,1847,1810,1811,161291,0.4994450610432853,017550,수산세보틱스
2025-10-17,21600,21650,20800,20950,47762,-4.118993135011442,126720,수산인더스트리
2025-10-17,4930,4945,4890,4925,43820,-0.40444893832153694,053210,스카이라이프
2025-10-17,0,0,0,2035,0,0.0,204210,스타에스엠리츠
2025-10-17,10540,10540,10220,10460,45826,-0.38095238095238093,026890,스틱인베스트먼트
2025-10-17,25050,25050,24400,24400,1357,-2.5948103792415167,134790,시디즈
2025-10-17,38700,38700,37900,38050,62871,-1.4248704663212435,462870,시프트업
2025-10-17,11860,11860,11060,11190,77894,-5.887300252312868,016590,신대양제지
2025-10-17,43650,44500,43150,43350,8822,-1.4772727272727273,029530,신도리코
2025-10-17,9170,9170,8940,9020,35435,-0.6607929515418502,004970,신라교역
2025-10-17,1820,1835,1786,1787,2127045,-2.6158038147138964,011930,신성이엔지
2025-10-17,176800,178900,174000,175300,27208,-0.8484162895927602,004170,신세계
2025-10-17,14320,14320,13960,13980,69412,-3.5196687370600417,035510,신세계 I&C
2025-10-17,9880,9890,9730,9820,63547,-0.10172939979654119,031430,신세계인터내셔날
2025-10-17,37300,38000,36700,36850,6878,-1.2064343163538873,031440,신세계푸드
2025-10-17,7000,7420,6930,7060,955622,0.2840909090909091,006880,신송홀딩스
2025-10-17,13900,13930,13210,13360,12805,-4.0918880114860015,005800,신영와코루
2025-10-17,136600,136600,133300,133500,16060,-3.1204644412191582,001720,신영증권
2025-10-17,1687,1688,1639,1648,939831,-2.3696682464454977,009270,신원
2025-10-17,1327,1330,1315,1323,239840,-0.6010518407212623,002700,신일전자
2025-10-17,1238,1300,1233,1290,419832,4.20032310177706,002870,신풍
2025-10-17,13130,13200,12790,12810,255910,-2.437166793602437,019170,신풍제약
2025-10-17,23150,23200,22800,23000,3294,-0.8620689655172413,019175,신풍제약우
2025-10-17,1410,1414,1400,1401,149719,-0.9193776520509194,481850,신한글로벌액티브리츠
2025-10-17,3435,3435,3395,3415,79976,-0.7267441860465116,404990,신한서부티엔디리츠
2025-10-17,5560,5570,5495,5550,192555,-0.1798561151079137,293940,신한알파리츠
2025-10-17,72000,73700,71400,73100,1129250,0.5502063273727648,055550,신한지주
2025-10-17,13750,14110,13620,13830,10916,0.5818181818181818,004080,신흥
2025-10-17,0,0,0,2690,0,0.0,102280,쌍방울
2025-10-17,1613,1629,1520,1605,268599,-0.37243947858473,004770,써니전자
2025-10-17,11630,11830,11510,11630,2544,0.0,403550,쏘카
2025-10-17,1228,1230,1178,1208,64193,-1.868399675060926,004920,씨아이테크
2025-10-17,44100,44350,43500,44000,223215,-1.5659955257270695,112610,씨에스윈드
2025-10-17,9500,10070,9230,9540,50665,2.0320855614973263,480370,씨케이솔루션
2025-10-17,4960,5000,4870,4910,7277,-1.5045135406218655,308170,씨티알모빌리티
2025-10-17,1320,1320,1305,1307,154193,-1.3584905660377358,008700,아남전자
2025-10-17,118200,118400,117100,117700,103695,-0.6751054852320675,090430,아모레퍼시픽
2025-10-17,39350,39650,38850,39050,18428,-1.3888888888888888,090435,아모레퍼시픽우
2025-10-17,25850,26200,25500,25500,123298,-2.2988505747126435,002790,아모레퍼시픽홀딩스
2025-10-17,21000,21000,20600,20600,7132,-1.4354066985645932,00279K,아모레퍼시픽홀딩스3우C
2025-10-17,10840,10880,10690,10730,25847,-1.014760147601476,002795,아모레퍼시픽홀딩스우
2025-10-17,348500,358000,345000,352000,2943,2.0289855072463765,002030,아세아
2025-10-17,12410,12790,12410,12480,101820,0.8077544426494345,183190,아세아시멘트
2025-10-17,7660,7700,7430,7580,128268,-1.5584415584415585,002310,아세아제지
2025-10-17,2125,2125,2030,2080,126445,-1.8867924528301887,012170,아센디오
2025-10-17,11650,11700,11570,11680,3880,-0.0855431993156544,267850,아시아나IDT
2025-10-17,9030,9060,8990,9010,118543,-0.5518763796909493,020560,아시아나항공
2025-10-17,8120,8120,8000,8030,30147,-1.1083743842364533,122900,아이마켓코리아
2025-10-17,18360,18590,18120,18420,28107,1.208791208791209,010780,아이에스동서
2025-10-17,587,592,568,573,493861,-3.0456852791878175,031820,아이티센씨티에스
2025-10-17,3485,3485,3420,3450,36732,-1.0043041606886656,139990,아주스틸
2025-10-17,1022,1026,1018,1026,34907,0.3913894324853229,009320,아진전자부품
2025-10-17,2090,2105,2035,2065,336555,0.0,001780,알루코
2025-10-17,14890,14980,14710,14980,39133,0.6044325050369375,018250,애경산업
2025-10-17,10650,11500,10420,10870,2219117,2.257761053621825,161000,애경케미칼
2025-10-17,567,567,551,561,246970,0.0,011090,에넥스
2025-10-17,9620,9780,9500,9580,130255,-1.0330578512396695,137310,에스디바이오센서
2025-10-17,36150,36850,36000,36400,135246,-0.6821282401091405,005850,에스엘
2025-10-17,2575,2700,2250,2250,5586978,-8.72210953346856,010580,에스엠벡셀
2025-10-17,77100,78800,76400,76800,34713,-1.2853470437017995,012750,에스원
2025-10-17,1350,1350,1271,1286,142467,-1.228878648233487,023960,에쓰씨엔지니어링
2025-10-17,1872,1872,1855,1862,173482,-0.32119914346895073,298690,에어부산
2025-10-17,0,0,0,3130,0,0.0,140910,에이리츠
2025-10-17,10080,10150,9970,10100,240670,-0.5905511811023622,078520,에이블씨엔씨
2025-10-17,513,523,506,507,154386,-1.5533980582524272,015260,에이엔피
2025-10-17,622,627,605,608,3038938,-3.492063492063492,007460,에이프로젠
2025-10-17,593,593,561,563,1001451,-5.059021922428331,003060,에이프로젠바이오로직스
2025-10-17,6830,6840,6440,6550,214109,-3.81791483113069,244920,에이플러스에셋
2025-10-17,242500,245000,234500,239500,333799,-1.2371134020618557,278470,에이피알
2025-10-17,63300,69200,60900,65800,4760702,3.7854889589905363,450080,에코프로머티
2025-10-17,693,702,670,670,751404,-4.694167852062589,019490,엑시큐어하이트론
2025-10-17,211500,211500,200000,202000,123009,-4.038004750593824,036570,엔씨소프트
2025-10-17,1279,1292,1208,1209,1087338,-5.1020408163265305,085310,엔케이
2025-10-17,1742,1742,1703,1718,543192,-1.377726750861079,900140,엘브이엠씨홀딩스
2025-10-17,102100,114000,98700,111000,2508939,12.804878048780488,066970,엘앤에프
2025-10-17,31750,32450,31650,31950,103221,-0.31201248049922,097520,엠씨넥스
2025-10-17,188600,188600,178000,179400,19742,-3.858520900321544,484870,엠앤씨솔루션
2025-10-17,4385,4415,4350,4415,40596,-0.22598870056497175,014440,영보화학
2025-10-17,61100,61700,60600,60900,31433,-1.2965964343598055,111770,영원무역
2025-10-17,132000,134900,131400,133300,14966,-0.07496251874062969,009970,영원무역홀딩스
2025-10-17,1980,1980,1965,1967,181006,-0.906801007556675,003520,영진약품
2025-10-17,47250,47600,45300,45300,33297,-5.230125523012552,000670,영풍
2025-10-17,1001,1001,980,995,127395,-0.20060180541624875,006740,영풍제지
2025-10-17,888,912,883,901,154493,1.4639639639639639,012280,영화금속
2025-10-17,579,597,568,581,277248,-0.5136986301369862,012160,영흥
2025-10-17,392000,395500,391000,394000,6203,-0.12674271229404308,007310,오뚜기
2025-10-17,574,575,550,552,977325,-3.8327526132404177,002630,오리엔트바이오
2025-10-17,100900,101400,100000,100500,102271,-0.9852216748768473,271560,오리온
2025-10-17,19600,19600,19140,19200,133571,-2.488572879634332,001800,오리온홀딩스
2025-10-17,528,534,518,519,148679,-2.6266416510318953,005320,온타이드
2025-10-17,3230,3235,3035,3065,1013506,-5.255023183925812,011690,와이투솔루션
2025-10-17,25250,25500,25050,25350,1485449,-1.1695906432748537,316140,우리금융지주
2025-10-17,16850,17360,16740,16740,1915,-0.6528189910979229,006980,우성
2025-10-17,6840,6840,6590,6760,38923,-1.6011644832605532,017370,우신시스템
2025-10-17,16700,18120,16370,16960,2166312,-2.360391479562464,105840,우진
2025-10-17,3050,3105,3035,3065,6340,1.490066225165563,010400,우진아이엔에스
2025-10-17,2065,2160,2065,2090,14134,0.0,049800,우진플라임
2025-10-17,3925,3960,3820,3860,577812,-1.6560509554140128,016880,웅진
2025-10-17,1520,1535,1511,1514,141704,-0.9810333551340745,095720,웅진씽크빅
2025-10-17,14240,14480,14240,14240,733,0.0,005820,원림
2025-10-17,0,0,0,545,0,0.0,010600,웰바이오텍
2025-10-17,325,327,315,320,209171,-1.5384615384615385,008600,윌비스
2025-10-17,19280,19280,18750,18760,56478,-2.7979274611398965,033270,유나이티드제약
2025-10-17,76600,76800,75500,75700,20933,-0.6561679790026247,014830,유니드
2025-10-17,3635,3695,3530,3695,13739,1.6506189821182942,446070,유니드비티플러스
2025-10-17,4760,4805,4650,4725,565396,-1.8691588785046727,000910,유니온
2025-10-17,2000,2060,1875,1907,3589558,-8.973747016706444,047400,유니온머티리얼
2025-10-17,1371,1419,1329,1377,411149,1.5486725663716814,011330,유니켐
2025-10-17,7280,7280,6810,6830,341037,-6.310013717421124,077500,유니퀘스트
2025-10-17,2015,2040,1988,1991,36237,-0.400200100050025,002920,유성기업
2025-10-17,5660,5680,5620,5620,5247,-0.17761989342806395,000700,유수홀딩스
2025-10-17,3820,3820,3700,3730,384092,-2.356020942408377,003470,유안타증권
2025-10-17,3770,3775,3660,3670,96901,-1.3440860215053763,003475,유안타증권우
2025-10-17,5480,5540,5410,5490,58253,0.18248175182481752,072130,유엔젤
2025-10-17,4300,4355,4250,4300,48976,-0.5780346820809248,000220,유유제약
2025-10-17,4765,4805,4665,4700,5370,-1.3641133263378804,000225,유유제약1우
2025-10-17,10600,10600,10540,10580,274,0.0,000227,유유제약2우B
2025-10-17,3750,3750,3630,3650,916875,-3.5667107001321003,001200,유진투자증권
2025-10-17,116700,117500,114800,116700,274346,-0.08561643835616438,000100,유한양행
2025-10-17,105500,105500,103500,104600,3237,-0.19083969465648853,000105,유한양행우
2025-10-17,2790,2800,2700,2735,39103,-1.971326164874552,003460,유화증권
2025-10-17,2615,2615,2610,2610,411,-0.5714285714285714,003465,유화증권우
2025-10-17,34950,39200,34050,38150,941694,11.06259097525473,008730,율촌화학
2025-10-17,4820,4920,4760,4815,122523,-0.7216494845360825,008250,이건산업
2025-10-17,4915,4920,4785,4805,349032,-2.33739837398374,025820,이구산업
2025-10-17,17800,17800,17520,17520,119828,-1.295774647887324,214320,이노션
2025-10-17,4730,4730,4665,4705,44410,-0.2120890774125133,088260,이리츠코크렙
2025-10-17,72900,73200,72000,72800,120379,-0.9523809523809524,139480,이마트
2025-10-17,55500,57000,54300,55000,729710,-0.9009009009009009,457190,이수스페셜티케미컬
2025-10-17,82700,88000,81000,84900,2575192,2.6602176541717046,007660,이수페타시스
2025-10-17,5660,5850,5610,5850,164765,5.786618444846293,005950,이수화학
2025-10-17,623,623,600,601,313886,-3.5313001605136436,015020,이스타코
2025-10-17,0,0,0,511,0,0.0,074610,이엔플러스
2025-10-17,11240,11250,11010,11050,14838,-0.54005400540054,102460,이연제약
2025-10-17,1459,1474,1441,1455,155829,-0.2741603838245374,084680,이월드
2025-10-17,3820,3840,3820,3830,38650,0.0,350520,이지스레지던스리츠
2025-10-17,4265,4295,4210,4235,202883,-0.9356725146198831,334890,이지스밸류플러스리츠
2025-10-17,12100,12360,12090,12250,689,0.1635322976287817,000760,이화산업
2025-10-17,1150,1150,1104,1109,528687,-4.3140638481449525,014990,인디에프
2025-10-17,12510,12510,12070,12300,9939,-1.6786570743405276,101140,인바이오젠
2025-10-17,745,748,710,717,260090,-3.6290322580645165,006490,인스코비
2025-10-17,5800,5910,5730,5820,50274,0.3448275862068966,023800,인지컨트롤스
2025-10-17,26150,26200,26000,26100,1118,0.0,034590,인천도시가스
2025-10-17,2750,2760,2690,2725,80456,-0.9090909090909091,129260,인터지스
2025-10-17,6590,6590,6320,6530,18862,0.46153846153846156,023810,인팩
2025-10-17,22800,22850,21500,21900,1645213,-3.3112582781456954,249420,일동제약
2025-10-17,8910,8910,8420,8500,152285,-4.49438202247191,000230,일동홀딩스
2025-10-17,1331,1331,1286,1297,165531,-1.6679302501895377,013360,일성건설
2025-10-17,24050,24800,23600,23800,8139,-1.6528925619834711,003120,일성아이에스
2025-10-17,11630,11640,11160,11200,49139,-3.697334479793637,003200,일신방직
2025-10-17,2080,2080,2000,2010,731376,-2.898550724637681,007110,일신석재
2025-10-17,0,0,0,13050,0,0.0,007570,일양약품
2025-10-17,0,0,0,12980,0,0.0,007575,일양약품우
2025-10-17,19150,19840,18200,18350,114772,-7.603222557905337,008500,일정실업
2025-10-17,14400,16360,14400,14760,879428,0.13568521031207598,081000,일진다이아
2025-10-17,0,0,0,902,0,0.0,020760,일진디스플
2025-10-17,42000,43150,41450,42050,1039568,-1.2910798122065728,103590,일진전기
2025-10-17,20000,20200,19700,19800,68052,-1.0,271940,일진하이솔루스
2025-10-17,6330,6340,6070,6090,199334,-3.7914691943127963,015860,일진홀딩스
2025-10-17,11590,11590,11370,11500,16901,-0.7765314926660914,226320,잇츠한불
2025-10-17,3255,3255,3180,3205,60881,-1.0802469135802468,317400,자이에스앤디
2025-10-17,22900,23450,22550,23150,125891,-0.8565310492505354,033240,자화전자
2025-10-17,36500,36550,34800,35350,1260,-2.8846153846153846,000950,전방
2025-10-17,53400,53500,50500,51900,383888,10.30818278427205,079900,전진건설로봇
2025-10-17,2985,2985,2945,2965,398462,-0.6700167504187605,348950,제이알글로벌리츠
2025-10-17,9790,9880,9500,9520,145236,-2.658486707566462,194370,제이에스코퍼레이션
2025-10-17,13650,16420,13290,15000,635432,9.89010989010989,025620,제이준코스메틱
2025-10-17,20250,20300,20000,20100,458547,-1.7114914425427872,030000,제일기획
2025-10-17,14500,14630,14200,14210,50192,-2.067539627842867,271980,제일약품
2025-10-17,9800,9800,9560,9610,3711,-1.9387755102040816,001560,제일연마
2025-10-17,8500,8500,8180,8310,11209,-1.0714285714285714,002620,제일파마홀딩스
2025-10-17,13880,13990,13650,13660,196156,-1.514059120403749,006220,제주은행
2025-10-17,6170,6180,5570,5940,258301,-3.414634146341464,089590,제주항공
2025-10-17,5420,5420,5350,5370,12986,-0.9225092250922509,004910,조광페인트
2025-10-17,61100,61100,59600,59700,3892,-2.2913256955810146,004700,조광피혁
2025-10-17,11960,12050,11280,11770,24640,-1.588628762541806,001550,조비
2025-10-17,15250,15390,14830,15090,26983,-1.0491803278688525,462520,조선내화
2025-10-17,105200,105300,102600,103800,4024,-1.3307984790874523,120030,조선선재
2025-10-17,1412,1449,1390,1427,1216164,1.0623229461756374,018470,조일알미늄
2025-10-17,153700,155200,153700,155200,29,1.0416666666666665,002600,조흥
2025-10-17,81000,81400,80200,80500,32958,-1.1056511056511056,185750,종근당
2025-10-17,22450,22550,21850,22150,27485,-1.1160714285714286,063160,종근당바이오
2025-10-17,47150,47150,46150,46300,10990,-1.8027571580063628,001630,종근당홀딩스
2025-10-17,1025,1059,1018,1022,198029,-0.7766990291262136,109070,주성코퍼레이션
2025-10-17,516,523,504,507,204404,-3.428571428571429,044380,주연테크
2025-10-17,14100,14160,13680,13720,102116,-2.556818181818182,013890,지누스
2025-10-17,3950,3990,3930,3945,10141,-1.2515644555694618,013870,지엠비코리아
2025-10-17,85700,89400,84800,88200,28552,1.9653179190751446,071320,지역난방공사
2025-10-17,2020,2020,1952,1972,51681,-2.857142857142857,088790,진도
2025-10-17,7470,7690,7380,7560,151998,0.398406374501992,003780,진양산업
2025-10-17,4705,4895,4705,4820,78256,1.3669821240799158,010640,진양폴리
2025-10-17,3245,3245,3220,3235,42457,-0.30816640986132515,100250,진양홀딩스
2025-10-17,2830,3250,2830,3190,374859,10.380622837370241,051630,진양화학
2025-10-17,7720,7720,7600,7600,79429,-1.4267185473411155,272450,진에어
2025-10-17,2220,2230,2150,2170,377541,-2.2522522522522523,011000,진원생명과학
2025-10-17,712,713,703,710,283814,-0.42075736325385693,002780,진흥기업
2025-10-17,8060,8060,7830,8050,81,2.547770700636943,002787,진흥기업2우B
2025-10-17,3625,3690,3625,3675,55,3.5211267605633805,002785,진흥기업우B
2025-10-17,1294,1315,1293,1294,20044,-1.0703363914373087,009310,참엔지니어링
2025-10-17,39650,39950,39600,39900,86,0.0,000650,천일고속
2025-10-17,1117,1120,1095,1098,148138,-1.7009847806624887,033250,체시스
2025-10-17,58600,59500,57900,58000,2051096,-1.023890784982935,035720,카카오
2025-10-17,22700,22850,22400,22450,762582,-1.3186813186813187,323410,카카오뱅크
2025-10-17,51000,51200,50200,50400,413268,-2.1359223300970873,377300,카카오페이
2025-10-17,0,0,0,3660,0,0.0,006380,카프로
2025-10-17,474,477,472,473,57114,-0.21097046413502107,001620,케이비아이동국실업
2025-10-17,28100,28350,27050,27200,57333,-3.374777975133215,029460,케이씨
2025-10-17,38650,39500,37700,37750,104650,-3.821656050955414,281820,케이씨텍
2025-10-17,15250,15270,15120,15270,62544,0.5266622778143515,381970,케이카
2025-10-17,950,959,946,948,48888,-0.21052631578947367,145270,케이탑리츠
2025-10-17,6670,6880,6550,6750,198139,1.199400299850075,417310,코람코더원리츠
2025-10-17,4340,4355,4305,4335,171824,-0.23014959723820483,357120,코람코라이프인프라리츠
2025-10-17,7160,9160,7050,8070,608292,12.083333333333334,007815,코리아써우
2025-10-17,18220,19750,18060,18660,1134898,0.5387931034482759,007810,코리아써키트
2025-10-17,7050,8000,7050,7620,12089,3.6734693877551026,00781K,코리아써키트2우B
2025-10-17,10900,10900,10590,10620,421632,-2.5688073394495414,003690,코리안리
2025-10-17,200000,201500,197700,199400,55247,-1.2871287128712872,192820,코스맥스
2025-10-17,16160,16160,14710,15010,144757,-7.116336633663366,044820,코스맥스비티아이
2025-10-17,49150,53000,47500,51200,3043890,5.133470225872689,005070,코스모신소재
2025-10-17,18530,19150,17920,18840,1004512,6.440677966101695,005420,코스모화학
2025-10-17,3815,3980,3680,3830,107700,0.2617801047120419,071950,코아스
2025-10-17,44050,45350,43450,43550,93854,-3.0066815144766146,002020,코오롱
2025-10-17,8510,8680,8400,8480,180141,-0.35252643948296125,138490,코오롱ENP
2025-10-17,9040,9200,9010,9140,16542,0.8830022075055187,003070,코오롱글로벌
2025-10-17,15950,15950,15800,15820,2414,1.1508951406649617,003075,코오롱글로벌우
2025-10-17,13500,15390,11010,11170,7727955,-9.260763606823721,450140,코오롱모빌리티그룹
2025-10-17,63600,67000,52000,54700,1307396,6.007751937984496,45014K,코오롱모빌리티그룹우
2025-10-17,22850,22850,21950,22100,6972,-3.282275711159737,002025,코오롱우
2025-10-17,35500,36050,35150,35250,122048,-1.1220196353436185,120110,코오롱인더
2025-10-17,22950,23100,22750,22800,3668,-0.6535947712418301,120115,코오롱인더우
2025-10-17,93700,95900,93400,94500,195587,0.0,021240,코웨이
2025-10-17,9790,9790,9360,9490,85205,-1.7598343685300208,036420,콘텐트리중앙
2025-10-17,11970,12040,11520,11800,194240,-1.6666666666666667,024720,콜마홀딩스
2025-10-17,31050,31050,29900,30100,63598,-2.4311183144246353,192400,쿠쿠홀딩스
2025-10-17,24800,24850,24050,24300,75185,-2.6052104208416833,284740,쿠쿠홈시스
2025-10-17,9170,9180,9010,9070,17245,-1.0905125408942202,264900,크라운제과
2025-10-17,9640,9920,9620,9850,3229,1.2332990750256936,26490K,크라운제과우
2025-10-17,6980,6990,6800,6870,48075,-2.1367521367521367,005740,크라운해태홀딩스
2025-10-17,8300,8300,8210,8230,1602,-1.3189448441247003,005745,크라운해태홀딩스우
2025-10-17,287500,289500,284500,285000,81042,-1.7241379310344827,259960,크래프톤
2025-10-17,3910,3910,3840,3850,103950,-1.6602809706257982,020120,키다리스튜디오
2025-10-17,250500,253500,245000,248000,101194,-2.7450980392156863,039490,키움증권
2025-10-17,4950,5060,4900,4965,185434,-0.20100502512562815,014580,태경비케이
2025-10-17,5120,5180,5110,5130,38748,-0.7736943907156674,015890,태경산업
2025-10-17,8890,9050,8860,8960,15212,0.7874015748031495,006890,태경케미컬
2025-10-17,833000,838000,821000,838000,970,0.6002400960384154,003240,태광산업
2025-10-17,1835,1845,1827,1828,48590,-1.3491635186184565,011280,태림포장
2025-10-17,2135,2135,2090,2090,144862,-2.7906976744186047,004100,태양금속
2025-10-17,3150,3185,3150,3180,7441,0.47393364928909953,004105,태양금속우
2025-10-17,1659,1675,1623,1626,168698,-2.2248947684906795,009410,태영건설
2025-10-17,5040,5040,5000,5030,226,-0.1984126984126984,009415,태영건설우
2025-10-17,3280,3315,3280,3315,985,0.0,001420,태원물산
2025-10-17,14890,15480,14600,15230,33637,2.0093770931011385,055490,테이팩스
2025-10-17,15780,15780,14820,15000,37701,-3.969270166453265,078000,텔코웨어
2025-10-17,9200,9330,9070,9090,355153,-2.258064516129032,214420,토니모리
2025-10-17,6120,6140,5880,6020,278272,0.0,019180,티에이치엔
2025-10-17,2805,2805,2710,2750,65550,-1.6100178890876566,363280,티와이홀딩스
2025-10-17,5220,5290,5190,5220,3171,0.0,36328K,티와이홀딩스우
2025-10-17,0,0,0,1821,0,0.0,091810,티웨이항공
2025-10-17,532,534,513,517,255136,-2.819548872180451,004870,티웨이홀딩스
2025-10-17,18880,19550,18790,18850,958873,-0.15889830508474578,034230,파라다이스
2025-10-17,12450,13490,12250,13130,5375691,5.71658615136876,005690,파미셀
2025-10-17,2600,2600,2505,2510,60581,-2.524271844660194,036580,팜스코
2025-10-17,4120,4140,4030,4055,84748,-2.5240384615384617,004720,팜젠사이언스
2025-10-17,3700,3725,3670,3690,1434037,0.544959128065395,028670,팬오션
2025-10-17,4515,4530,4330,4335,766409,-3.8802660753880267,010820,퍼스텍
2025-10-17,46950,48500,46350,47000,4683,0.0,016800,퍼시스
2025-10-17,712,720,708,714,21952,0.2808988764044944,001020,페이퍼코리아
2025-10-17,1002,1002,976,977,200191,-2.4950099800399204,090080,평화산업
2025-10-17,3935,3935,3790,3815,131337,-3.9042821158690177,010770,평화홀딩스
2025-10-17,23000,26400,22700,25000,3430934,8.695652173913043,022100,포스코DX
2025-10-17,38100,40000,37150,38550,28691,1.984126984126984,058430,포스코스틸리온
2025-10-17,51200,54200,50800,52900,1015382,2.321083172147002,047050,포스코인터내셔널
2025-10-17,192100,201000,188000,193500,1383608,1.0443864229765014,003670,포스코퓨처엠
2025-10-17,13800,14200,13580,13910,272309,0.7971014492753623,017810,풀무원
2025-10-17,122000,122000,116600,117000,411851,-4.333605887162715,103140,풍산
2025-10-17,41250,41250,40000,40050,29516,-2.7912621359223304,005810,풍산홀딩스
2025-10-17,12810,13480,12700,12740,156697,-1.2403100775193798,950210,프레스티지바이오파마
2025-10-17,313,314,306,311,192781,-0.9554140127388535,009810,플레이그램
2025-10-17,86200,86900,85200,86100,541096,-1.261467889908257,086790,하나금융지주
2025-10-17,11900,11900,11710,11780,17271,-0.5067567567567568,293480,하나제약
2025-10-17,47200,47650,46900,46900,100368,-0.9503695881731784,039130,하나투어
2025-10-17,274000,275500,269000,269500,157990,-1.282051282051282,352820,하이브
2025-10-17,4290,4680,4180,4305,1301697,-0.3472222222222222,071090,하이스틸
2025-10-17,18810,18870,18760,18860,137226,0.05305039787798408,000080,하이트진로
2025-10-17,15510,15580,15510,15530,391,0.1289490651192779,000087,하이트진로2우B
2025-10-17,9880,9990,9770,9780,16569,-0.6097560975609756,000140,하이트진로홀딩스
2025-10-17,11370,11500,11300,11490,1970,-0.43327556325823224,000145,하이트진로홀딩스우
2025-10-17,235,237,234,237,635945,0.851063829787234,152550,한국ANKOR유전
2025-10-17,40000,40750,39800,40450,297084,0.24783147459727387,036460,한국가스공사
2025-10-17,63600,64700,62600,63000,9092,-1.5625,005430,한국공항
2025-10-17,154600,157700,151600,154100,279794,-1.4075495841330774,071050,한국금융지주
2025-10-17,112000,112700,108900,110200,21603,-1.607142857142857,071055,한국금융지주우
2025-10-17,2200,2205,2160,2175,21695,-1.1363636363636365,010040,한국내화
2025-10-17,60800,61200,60300,60600,12259,-0.3289473684210526,025540,한국단자
2025-10-17,4080,4180,4035,4065,204222,-1.094890510948905,010100,한국무브넥스
2025-10-17,14030,14120,13900,13960,58046,-1.203113941967445,004090,한국석유
2025-10-17,2895,2900,2875,2895,45111,-0.5154639175257731,002200,한국수출포장
2025-10-17,419000,432000,416000,419000,1778,-0.2380952380952381,002960,한국쉘석유
2025-10-17,22650,23150,22450,22550,73000,-1.956521739130435,000240,한국앤컴퍼니
2025-10-17,2280,2280,2245,2250,212927,-1.3157894736842104,123890,한국자산신탁
2025-10-17,39500,43300,39500,42700,7852614,6.218905472636816,015760,한국전력
2025-10-17,735,746,730,734,84000,-1.2113055181695829,006200,한국전자홀딩스
2025-10-17,791,814,790,796,134544,0.12578616352201258,027970,한국제지
2025-10-17,4810,4895,4765,4800,26895,-0.4149377593360996,023350,한국종합기술
2025-10-17,1896,1896,1853,1853,18436,-2.2679324894514767,025890,한국주강
2025-10-17,6810,6850,6750,6800,44302,-0.43923865300146414,000970,한국주철관
2025-10-17,10160,10170,10000,10100,35637,-0.5905511811023622,104700,한국철강
2025-10-17,36800,36850,34950,35100,440369,-2.7700831024930745,017960,한국카본
2025-10-17,75100,75200,74100,74300,105200,-1.0652463382157125,161890,한국콜마
2025-10-17,41300,42800,41200,42350,488459,2.1712907117008444,161390,한국타이어앤테크놀로지
2025-10-17,1338,1338,1300,1304,624028,-2.5411061285500747,034830,한국토지신탁
2025-10-17,1544,1603,1528,1556,39919,0.7772020725388601,007280,한국특강
2025-10-17,98000,99100,95100,95600,697893,-3.1408308004052685,047810,한국항공우주
2025-10-17,9790,9860,9610,9680,63826,-0.717948717948718,123690,한국화장품
2025-10-17,52400,52500,51000,52100,17162,-0.3824091778202677,003350,한국화장품제조
2025-10-17,15500,15810,15110,15790,610761,5.19653564290473,011500,한농화성
2025-10-17,11660,11760,11600,11620,17713,-1.0221465076660987,002390,한독
2025-10-17,21950,22250,20800,20950,175462,-2.784222737819025,053690,한미글로벌
2025-10-17,145000,147900,140900,142300,1731032,-2.8668941979522184,042700,한미반도체
2025-10-17,37450,37800,37000,37450,81259,-0.39893617021276595,008930,한미사이언스
2025-10-17,348000,356000,344000,346000,98499,1.0218978102189782,128940,한미약품
2025-10-17,44700,44850,44000,44200,32669,-2.104097452934662,009240,한샘
2025-10-17,15350,15350,14970,15040,54846,-2.019543973941368,020000,한섬
2025-10-17,5330,5470,5310,5330,36817,-2.0220588235294117,003680,한성기업
2025-10-17,10490,10750,10360,10670,178856,2.1052631578947367,105630,한세실업
2025-10-17,748,756,734,737,65317,-1.4705882352941175,069640,한세엠케이
2025-10-17,4085,4135,4035,4050,62642,-0.8567931456548347,016450,한세예스24홀딩스
2025-10-17,2845,2850,2780,2785,52516,-2.10896309314587,009180,한솔로지스틱스
2025-10-17,8430,8450,8330,8360,83291,-0.5945303210463734,213500,한솔제지
2025-10-17,209000,212500,204500,206000,68812,-2.6004728132387704,014680,한솔케미칼
2025-10-17,6110,6400,6070,6270,276654,2.618657937806874,004710,한솔테크닉스
2025-10-17,3220,3220,3120,3145,99677,-2.329192546583851,004150,한솔홀딩스
2025-10-17,683,684,672,673,163444,-1.4641288433382138,025750,한솔홈데코
2025-10-17,7650,7700,7460,7460,32369,-2.4836601307189543,004960,한신공영
2025-10-17,3655,3770,3615,3625,328721,-3.718459495351926,011700,한신기계
2025-10-17,18070,18070,17710,17890,32444,-0.996126175982291,001750,한양증권
2025-10-17,17900,17900,17440,17690,1163,-1.0626398210290828,001755,한양증권우
2025-10-17,3330,3825,3320,3750,5542288,9.970674486803519,018880,한온시스템
2025-10-17,33900,34200,33150,33350,328073,-2.4853801169590644,009420,한올바이오파마
2025-10-17,3255,3290,3225,3270,18227,-0.3048780487804878,014130,한익스프레스
2025-10-17,18400,18470,18170,18230,68050,-0.9239130434782609,300720,한일시멘트
2025-10-17,4135,4310,4135,4255,64483,1.9161676646706587,002220,한일철강
2025-10-17,18100,18230,17900,17900,23276,-1.1049723756906076,006390,한일현대시멘트
2025-10-17,17040,17240,16830,17130,15303,0.528169014084507,003300,한일홀딩스
2025-10-17,49500,50700,49150,49850,236180,-0.8946322067594433,051600,한전KPS
2025-10-17,94000,99600,93500,97700,469448,0.8255933952528379,052690,한전기술
2025-10-17,12410,12600,12200,12280,167273,-2.924901185770751,130660,한전산업
2025-10-17,19660,19770,19650,19660,24626,-0.7571933366986371,002320,한진
2025-10-17,4935,5100,4840,4875,127021,-2.0100502512562812,003480,한진중공업홀딩스
2025-10-17,98200,100500,97300,98400,53356,-1.402805611222445,180640,한진칼
2025-10-17,31550,32000,31000,31700,1360,0.4754358161648178,18064K,한진칼우
2025-10-17,0,0,0,1254,0,0.0,005110,한창
2025-10-17,596,596,589,590,45100,-1.1725293132328307,009460,한창제지
2025-10-17,2685,2695,2625,2645,177658,-2.037037037037037,372910,한컴라이프케어
2025-10-17,83800,85400,81800,82500,238725,-1.079136690647482,000880,한화
2025-10-17,35650,36250,34800,35200,47283,-1.1235955056179776,00088K,한화3우B
2025-10-17,1084,1085,1075,1076,539865,-0.7380073800738007,452260,한화갤러리아
2025-10-17,2230,2230,2215,2220,2032,-0.4484304932735426,45226K,한화갤러리아우
2025-10-17,4035,4060,3995,4045,294022,0.24783147459727387,451800,한화리츠
2025-10-17,52100,52300,51000,51100,422396,-2.480916030534351,489790,한화비전
2025-10-17,3155,3165,3095,3100,1232348,-2.515723270440252,088350,한화생명
2025-10-17,5560,5570,5310,5320,947132,-4.316546762589928,000370,한화손해보험
2025-10-17,29400,30200,29100,29750,1174863,-0.16778523489932887,009830,한화솔루션
2025-10-17,22850,23100,22350,22800,5566,-0.2188183807439825,009835,한화솔루션우
2025-10-17,52600,53200,51100,51300,1043812,-2.6565464895635675,272210,한화시스템
2025-10-17,931000,947000,912000,912000,184363,-2.564102564102564,012450,한화에어로스페이스
2025-10-17,49000,49250,46200,46450,1386585,-2.7225130890052354,082740,한화엔진
2025-10-17,113200,113700,105500,107200,3468221,-1.7415215398716772,042660,한화오션
2025-10-17,5750,5750,5240,5400,5822340,-6.896551724137931,003530,한화투자증권
2025-10-17,10600,10600,10230,10280,187271,-5.774518790100825,003535,한화투자증권우
2025-10-17,40600,42250,39550,39850,340651,-3.5108958837772395,195870,해성디에스
2025-10-17,6500,6540,6430,6460,27519,-0.46224961479198773,101530,해태제과식품
2025-10-17,1577,1579,1572,1579,10421,0.44529262086513993,143210,핸즈코퍼레이션
2025-10-17,59800,59800,55800,56000,2023125,-8.49673202614379,000720,현대건설
2025-10-17,53200,53200,51000,51300,3444,-2.2857142857142856,000725,현대건설우
2025-10-17,15550,15590,15330,15390,36940,-1.2828736369467608,453340,현대그린푸드
2025-10-17,168000,169700,164300,164800,129331,-1.7292784734645201,086280,현대글로비스
2025-10-17,206000,209500,201500,201500,538590,-2.657004830917874,064350,현대로템
2025-10-17,7020,7020,6890,6890,42379,-1.5714285714285716,079430,현대리바트
2025-10-17,306000,310500,304000,308000,130462,-0.3236245954692557,012330,현대모비스
2025-10-17,80200,80900,79000,80300,101361,-0.7416563658838072,069960,현대백화점
2025-10-17,11950,11950,11550,11600,50143,-2.4390243902439024,004560,현대비앤지스틸
2025-10-17,3810,3820,3725,3770,75829,-1.0498687664041995,004310,현대약품
2025-10-17,80400,80500,78300,79300,221765,-1.9777503090234856,017800,현대엘리베이터
2025-10-17,155400,156200,153300,154000,52709,-1.5974440894568689,307950,현대오토에버
2025-10-17,51000,52400,50700,52400,137703,1.7475728155339807,011210,현대위아
2025-10-17,33500,33900,33150,33300,322340,-0.8928571428571428,004020,현대제철
2025-10-17,8090,8100,7850,7880,182674,-3.549571603427173,005440,현대지에프홀딩스
2025-10-17,241000,246000,239500,243000,994190,0.4132231404958678,005380,현대차
2025-10-17,179500,181700,178500,178900,130891,-0.776483638380477,005387,현대차2우B
2025-10-17,178000,179500,176800,179000,24874,0.16787912702853947,005389,현대차3우B
2025-10-17,179300,180700,177500,178300,133109,-0.7238307349665924,005385,현대차우
2025-10-17,8640,8640,8460,8570,120538,-1.0392609699769053,001500,현대차증권
2025-10-17,22050,22200,21700,21750,39110,-1.3605442176870748,011760,현대코퍼레이션
2025-10-17,12150,12150,11820,11830,18819,-2.1505376344086025,227840,현대코퍼레이션홀딩스
2025-10-17,3275,3275,3205,3250,42997,0.30864197530864196,126560,현대퓨처넷
2025-10-17,27600,27600,26900,27000,682196,-3.052064631956912,001450,현대해상
2025-10-17,53700,54200,52300,53000,29981,-1.8518518518518516,057050,현대홈쇼핑
2025-10-17,1468,1471,1405,1405,636166,-4.291553133514987,093240,형지엘리트
2025-10-17,5600,5650,5430,5430,207709,-2.5134649910233393,003010,혜인
2025-10-17,8180,8180,7850,7910,67752,-3.418803418803419,111110,호전실업
2025-10-17,49050,49300,48750,48950,227964,-1.1111111111111112,008770,호텔신라
2025-10-17,39850,39850,38800,38900,2367,-1.8915510718789406,008775,호텔신라우
2025-10-17,3355,3420,3310,3370,149863,0.44709388971684055,378850,화승알앤에이
2025-10-17,5650,5720,5610,5670,91061,0.35398230088495575,241590,화승엔터프라이즈
2025-10-17,3770,3805,3755,3765,150908,0.4,006060,화승인더
2025-10-17,2170,2340,2170,2310,944625,5.963302752293578,013520,화승코퍼레이션
2025-10-17,8400,8740,8340,8600,800905,2.137767220902613,010690,화신
2025-10-17,2285,2330,2110,2195,690707,-3.938730853391685,133820,화인베스틸
2025-10-17,4650,4695,4525,4535,292943,-3.2017075773745995,010660,화천기계
2025-10-17,32050,32500,31850,32200,920,-0.6172839506172839,000850,화천기공
2025-10-17,10730,10760,10600,10630,45438,-0.9319664492078285,016580,환인제약
2025-10-17,5620,5710,5580,5590,27893,-1.2367491166077738,032560,황금에스티
2025-10-17,103000,106500,100900,101100,52891,-3.897338403041825,004800,효성
2025-10-17,12710,12820,12695,12740,8844,-0.7014809041309431,094280,효성ITX
2025-10-17,1600000,1625000,1570000,1580000,34038,-2.1065675340768277,298040,효성중공업
2025-10-17,210500,214500,210000,210500,13650,-0.9411764705882352,298020,효성티앤씨
2025-10-17,0,0,0,38900,0,0.0,298000,효성화학
2025-10-17,7160,7530,6860,7140,7460737,10.185185185185185,093370,후성
2025-10-17,8190,8190,7940,7960,68495,-2.331288343558282,005870,휴니드
2025-10-17,2830,2860,2745,2860,63460,1.9607843137254901,079980,휴비스
2025-10-17,4150,4210,4085,4125,313018,-0.48250904704463204,005010,휴스틸
2025-10-17,3970,3980,3810,3815,73254,-3.9042821158690177,000540,흥국화재
2025-10-17,7430,7430,7340,7380,5055,-0.8064516129032258,000545,흥국화재우
2025-10-17,1700,1764,1676,1690,8631105,-1.9152640742890308,003280,흥아해운
2025-10-17,1931,1944,1872,1906,202936,-2.2062596203181117,060310,3S
2025-10-17,4495,4500,4360,4440,13501,0.4524886877828055,054620,APS
2025-10-17,20800,20800,19970,19980,163347,-4.172661870503598,265520,AP시스템
2025-10-17,12580,12580,12060,12060,71571,-4.133545310015898,211270,AP위성
2025-10-17,0,0,0,2805,0,0.0,139050,BF랩스
2025-10-17,2920,2945,2860,2895,69171,0.0,126600,BGF에코머티리얼즈
2025-10-17,1534,1534,1489,1510,214547,-0.6578947368421052,083790,CG인바이츠
2025-10-17,67200,67800,66800,66800,43753,0.14992503748125938,035760,CJ ENM
2025-10-17,9610,9610,9430,9440,15241,-1.9730010384215992,311690,CJ 바이오사이언스
2025-10-17,25850,25850,25100,25200,18285,-2.5145067698259185,051500,CJ프레시웨이
2025-10-17,1862,1862,1816,1828,640270,-1.6675632060247445,058820,CMG제약
2025-10-17,670,672,658,658,16678,-1.791044776119403,056730,CNT85
2025-10-17,923,928,914,914,54840,-0.9750812567713976,065770,CS
2025-10-17,1106,1135,1052,1112,2787912,0.5424954792043399,083660,CSA 코스믹
2025-10-17,2085,2090,2080,2090,3003,0.2398081534772182,477760,DB금융스팩12호
2025-10-17,0,0,0,1284,0,0.0,099520,DGI
2025-10-17,1330,1590,1329,1403,1671472,5.488721804511278,060900,DGP
2025-10-17,2320,2345,2295,2325,14101,0.21551724137931033,290120,DH오토리드
2025-10-17,836,870,824,854,121012,2.15311004784689,025440,DH오토웨어
2025-10-17,0,0,0,6330,0,0.0,068790,DMS
2025-10-17,7250,7260,6870,6900,730617,-4.564315352697095,241520,DSC인베스트먼트
2025-10-17,2050,2115,2015,2015,132370,-2.891566265060241,180400,DXVX
2025-10-17,2300,2300,2200,2210,145953,-4.121475054229935,418620,E8
2025-10-17,0,0,0,415,0,0.0,245620,EDGC
2025-10-17,6540,6550,6250,6430,181047,-2.4279210925644916,037370,EG
2025-10-17,2765,3525,2730,2870,1148969,3.985507246376811,050120,ES큐브
2025-10-17,2100,2105,2020,2060,407087,-2.137767220902613,214270,FSN
2025-10-17,2720,2725,2620,2705,51462,-0.9157509157509158,130500,GH신소재
2025-10-17,2850,2930,2850,2870,112511,0.7017543859649122,900290,GRT
2025-10-17,25600,26200,25100,25150,291077,-3.824091778202677,083450,GST
2025-10-17,2875,2875,2770,2770,470715,-3.6521739130434785,297890,HB솔루션
2025-10-17,2150,2170,2135,2160,83030,0.46511627906976744,440290,HB인베스트먼트
2025-10-17,2065,2075,2010,2010,718690,-2.898550724637681,078150,HB테크놀러지
2025-10-17,3085,3120,3060,3085,13131,0.0,225530,HC보광산업
2025-10-17,697,703,690,697,114599,-0.7122507122507122,060560,HC홈센타
2025-10-17,47550,48100,46350,47700,194998,1.5974440894568689,195940,HK이노엔
2025-10-17,39100,41250,39000,39800,648065,0.0,028300,HLB
2025-10-17,1324,1359,1302,1312,205912,-0.8314436885865457,278650,HLB바이오스텝
2025-10-17,3595,3730,3525,3570,392596,-0.6954102920723227,067630,HLB생명과학
2025-10-17,1800,1833,1770,1783,225192,-0.9444444444444444,024850,HLB이노베이션
2025-10-17,3040,3090,2965,3045,37783,0.1644736842105263,187420,HLB제넥스
2025-10-17,13880,14230,13490,13970,102129,0.6484149855907781,047920,HLB제약
2025-10-17,3025,3145,3005,3050,292752,-0.6514657980456027,115450,HLB테라퓨틱스
2025-10-17,1695,1700,1625,1658,67224,0.3024803387779794,046210,HLB파나진
2025-10-17,7000,7000,6800,6810,12056,-1.3043478260869565,196300,HLB펩
2025-10-17,35500,36300,34650,34750,926916,-4.663923182441701,403870,HPSP
2025-10-17,5200,5230,5110,5120,49752,-1.5384615384615385,036640,HRS
2025-10-17,1849,1910,1838,1850,128184,0.05408328826392645,442770,IBKS제21호스팩
2025-10-17,4000,4390,3985,4390,1337792,29.88165680473373,448760,IBKS제22호스팩
2025-10-17,2175,2230,2170,2175,6956,0.0,467930,IBKS제23호스팩
2025-10-17,2140,2175,2140,2155,6306,0.4662004662004662,469480,IBKS제24호스팩
2025-10-17,82800,85000,79000,79000,296919,-6.619385342789598,095340,ISC
2025-10-17,6580,6630,6480,6480,79073,-2.262443438914027,950170,JTC
2025-10-17,1439,1439,1377,1406,139278,-0.6360424028268552,067290,JW신약
2025-10-17,72900,73200,71600,71700,308157,-1.3755158184319118,035900,JYP Ent.
2025-10-17,4935,5250,4875,5110,183994,3.546099290780142,318000,KBG
2025-10-17,1887,1898,1858,1872,217108,-0.847457627118644,024840,KBI메탈
2025-10-17,3515,3560,3485,3530,29242,0.42674253200568996,024120,KB오토시스
2025-10-17,2095,2095,2085,2095,10535,0.23923444976076555,455250,KB제25호스팩
2025-10-17,2055,2065,2055,2055,5635,0.0,464680,KB제27호스팩
2025-10-17,2065,2065,2055,2060,9472,-0.24213075060532688,478390,KB제29호스팩
2025-10-17,2040,2045,2040,2045,20718,0.0,486630,KB제30호스팩
2025-10-17,2010,2015,2000,2010,34536,0.0,492220,KB제31호스팩
2025-10-17,1999,1999,1996,1999,4517,-0.05,0037T0,KB제32호스팩
2025-10-17,1981,1982,1979,1982,117826,0.05047955577990913,0072Z0,KB제33호스팩
2025-10-17,4980,5080,4860,4880,14110,-2.2044088176352705,021320,KCC건설
2025-10-17,662,667,631,645,510961,-2.4205748865355523,044180,KD
2025-10-17,5070,5080,4975,5000,156540,-1.9607843137254901,046440,KG모빌리언스
2025-10-17,6120,6160,5960,6040,94448,-1.3071895424836601,151860,KG에코솔루션
2025-10-17,10580,10700,10340,10350,168889,-2.1739130434782608,035600,KG이니시스
2025-10-17,0,0,0,2555,0,0.0,226360,KH 건설
2025-10-17,0,0,0,8910,0,0.0,111870,KH 미래물산
2025-10-17,13510,13550,13010,13050,302180,-4.325513196480939,060720,KH바텍
2025-10-17,715,720,711,717,112197,-0.5547850208044383,058400,KNN
2025-10-17,1185,1191,998,1006,22649981,-7.281105990783409,101000,KS인더스트리
2025-10-17,14000,14000,13660,13840,25223,-0.7173601147776184,089600,KT나스미디어
2025-10-17,13510,13700,13090,13450,29174,-1.2481644640234948,418470,KT밀리의서재
2025-10-17,1964,1964,1913,1914,116305,-2.5458248472505094,043610,KT지니뮤직
2025-10-17,3915,3930,3630,3825,76835,-2.0486555697823303,122450,KX
2025-10-17,997,1020,984,988,380034,-0.9027081243731194,052900,KX하이텍
2025-10-17,15510,15540,15130,15150,26705,-3.0089628681177976,036560,KZ정밀
2025-10-17,5570,5660,5350,5400,559158,-3.052064631956912,061970,LB세미콘
2025-10-17,5310,5310,5070,5080,131158,-3.2380952380952377,309960,LB인베스트먼트
2025-10-17,1712,1718,1650,1676,528391,-1.930953774136922,225190,LK삼양
2025-10-17,24300,24350,23600,23700,223290,-2.8688524590163933,060370,LS마린솔루션
2025-10-17,10150,10580,9980,10390,860450,4.004004004004004,417200,LS머트리얼즈
2025-10-17,5260,5280,5140,5140,111396,-2.835538752362949,078020,LS증권
2025-10-17,5690,5730,5540,5600,126455,-2.4390243902439024,322180,LS티라유텍
2025-10-17,11200,11450,11060,11080,31614,-1.0714285714285714,476080,M83
2025-10-17,1440,1440,1378,1385,1329156,-3.952843273231623,086960,MDS테크
2025-10-17,2265,2265,2225,2230,122555,-1.545253863134658,160550,NEW
2025-10-17,2070,2075,1997,1997,78394,-3.5265700483091784,053290,NE능률
2025-10-17,17050,17170,16340,16380,699756,-4.489795918367347,060250,NHN KCP
2025-10-17,3235,3235,3115,3225,165559,0.15527950310559005,104200,NHN벅스
2025-10-17,4195,4275,4160,4160,63928,-2.0023557126030624,063570,NICE인프라
2025-10-17,0,0,0,8040,0,0.0,222160,NPX
2025-10-17,5280,5400,5160,5330,63376,1.1385199240986716,024940,PN풍년
2025-10-17,5710,6000,5410,5480,2117261,-5.025996533795494,332570,PS일렉트로닉스
2025-10-17,30350,30450,27900,28050,284399,-9.076175040518638,218410,RFHIC
2025-10-17,18050,19000,17220,18890,303661,4.077134986225895,327260,RF머트리얼즈
2025-10-17,4860,4860,4620,4685,155004,-3.6998972250770814,474610,RF시스템즈
2025-10-17,2410,2480,2405,2430,27626,-0.20533880903490762,091340,S&K폴리텍
2025-10-17,56200,56600,50900,51400,333648,-8.377896613190732,419530,SAMG엔터
2025-10-17,702,703,681,685,561525,-2.282453637660485,019550,SBI인베스트먼트
2025-10-17,2965,2965,2760,2765,126441,-6.902356902356903,246960,SCL사이언스
2025-10-17,1240,1240,1194,1199,317633,-3.306451612903226,099220,SDN
2025-10-17,4325,4480,4320,4325,846481,-2.59009009009009,036540,SFA반도체
2025-10-17,2395,2550,2305,2530,12281595,15.261958997722095,255220,SG
2025-10-17,1839,1843,1826,1828,23638,-0.5981511691136487,040610,SG&G
2025-10-17,721,741,692,710,882412,-1.5256588072122053,184230,SGA솔루션즈
2025-10-17,13650,13700,13440,13450,4895,-2.0393299344501092,016250,SGC E&C
2025-10-17,2020,2055,1979,2030,585997,0.24691358024691357,357880,SKAI
2025-10-17,1288,1288,1256,1260,195919,-2.1739130434782608,048550,SM C&C
2025-10-17,1650,1650,1602,1604,157319,-3.2569360675512664,063440,SM Life Design
2025-10-17,72500,73900,72500,73000,31326,0.27472527472527475,067160,SOOP
2025-10-17,1800,1802,1725,1738,323779,-3.6585365853658534,289080,SV인베스트먼트
2025-10-17,882,909,868,886,364120,0.45351473922902497,013720,THE CUBE&
2025-10-17,1137,1149,1111,1120,95319,-1.4951627088830255,089230,THE E&M
2025-10-17,5940,6020,5890,5970,1301,0.33613445378151263,032540,TJ미디어
2025-10-17,2290,2365,2200,2245,91866,-4.468085106382979,048770,TPC
2025-10-17,1352,1352,1303,1303,285175,-4.472140762463344,246690,TS인베스트먼트
2025-10-17,204,205,199,199,1117798,-2.450980392156863,317240,TS트릴리온
2025-10-17,3210,3240,3160,3220,23685,-0.7704160246533128,057030,YBM넷
2025-10-17,2690,2690,2640,2640,39240,-1.1235955056179776,040300,YTN
2025-10-17,3995,4070,3905,3910,10081,-1.6352201257861636,051390,YW
2025-10-17,3340,3380,3250,3260,225037,-2.2488755622188905,052220,iMBC
2025-10-17,26600,26650,25750,25800,21961,-3.189493433395872,079940,가비아
2025-10-17,4100,4125,3890,3900,158082,-4.878048780487805,078890,가온그룹
2025-10-17,57500,58600,55500,55700,164076,-5.110732538330494,399720,가온칩스
2025-10-17,5280,5380,5080,5150,1486528,-2.2770398481973433,036620,감성코퍼레이션
2025-10-17,1195,1195,1178,1186,29664,-0.9189640768588136,198440,강동씨앤엘
2025-10-17,1411,1489,1410,1416,419154,0.49680624556423,217730,강스템바이오텍
2025-10-17,11750,12670,11400,12230,1401395,3.7319762510602206,114190,강원에너지
2025-10-17,10550,10560,9980,9990,580969,-5.3977272727272725,094480,갤럭시아머니트리
2025-10-17,3000,3015,2935,2955,174024,-1.5,039240,경남스틸
2025-10-17,567,574,560,566,206539,-0.1763668430335097,053950,경남제약
2025-10-17,5860,5870,5820,5820,13584,-0.6825938566552902,011040,경동제약
2025-10-17,1530,1530,1507,1520,22853,0.0,024910,경창산업
2025-10-17,10800,10850,10610,10610,41093,-1.4856081708449396,049720,고려신용정보
2025-10-17,4335,4350,4275,4305,17119,-0.6920415224913495,014570,고려제약
2025-10-17,5300,5360,5210,5210,86506,-1.6981132075471699,348150,고바이오랩
2025-10-17,8610,8670,8380,8520,22625,-1.0452961672473868,950190,고스트스튜디오
2025-10-17,16480,16860,15960,15960,1406589,-5.281899109792285,098460,고영
2025-10-17,418,444,384,386,4883460,-4.691358024691358,035290,골드앤에스
2025-10-17,59300,60800,59300,59400,24897,-1.3289036544850499,215000,골프존
2025-10-17,5320,5320,5250,5300,41921,-0.37593984962406013,121440,골프존홀딩스
2025-10-17,4860,4865,4725,4805,153239,-0.5175983436853002,366030,공구우먼
2025-10-17,0,0,0,6040,0,0.0,014200,광림
2025-10-17,2420,2485,2355,2380,641200,-1.4492753623188406,029480,광무
2025-10-17,2735,2830,2730,2735,15427,0.0,026910,광진실업
2025-10-17,2175,2175,2150,2170,422,0.0,456490,교보14호스팩
2025-10-17,0,0,0,2335,0,0.0,465320,교보15호스팩
2025-10-17,2045,2050,2045,2050,15680,0.0,482520,교보16호스팩
2025-10-17,2055,2055,2045,2055,825,0.0,489210,교보17호스팩
2025-10-17,2025,2035,2020,2025,8447,0.0,0041B0,교보18호스팩
2025-10-17,2185,2230,2150,2210,60861,0.0,053270,구영테크
2025-10-17,20050,20500,19660,20250,4422,0.997506234413965,066620,국보디자인
2025-10-17,4470,4470,4350,4400,30783,-0.22675736961451248,043650,국순당
2025-10-17,1355,1365,1324,1330,226091,-1.8450184501845017,006050,국영지앤엠
2025-10-17,1724,1750,1701,1701,7647,-1.391304347826087,060480,국일신동
2025-10-17,416,419,405,410,1348497,-0.966183574879227,078130,국일제지
2025-10-17,3580,3600,3510,3510,112975,-2.092050209205021,307750,국전약품
2025-10-17,14410,14630,14150,14160,24628,-1.9390581717451523,035080,그래디언트
2025-10-17,9070,9650,8870,8980,793898,-0.2222222222222222,318060,그래피
2025-10-17,17780,18170,17300,18000,32479,-0.9356081452944414,453450,그리드위즈
2025-10-17,2350,2360,2265,2280,77923,-3.389830508474576,204020,그리티
2025-10-17,8740,8740,8400,8410,212696,-3.6655211912943875,402490,그린리소스
2025-10-17,2520,2530,2430,2455,116857,-2.579365079365079,114450,그린생명과학
2025-10-17,6080,6090,5950,6000,47223,-1.1532125205930808,186230,그린플러스
2025-10-17,450,450,439,448,50691,-0.4444444444444444,900070,글로벌에스엠
2025-10-17,5520,5580,5330,5360,1222702,-2.722323049001815,204620,글로벌텍스프리
2025-10-17,2575,3345,2490,2650,792821,2.912621359223301,019660,글로본
2025-10-17,4110,5280,4075,4700,5803910,13.663845223700122,053260,금강철강
2025-10-17,11880,12020,11750,11800,59850,-1.6666666666666667,282720,금양그린파워
2025-10-17,31200,31400,30100,30100,20188,-4.444444444444445,036190,금화피에스시
2025-10-17,474,478,466,468,102380,-1.2658227848101267,049080,기가레인
2025-10-17,35900,36950,34350,34450,118496,-7.39247311827957,420770,기가비스
2025-10-17,1786,1793,1752,1752,20784,-1.9036954087346025,035460,기산텔레콤
2025-10-17,6110,6110,5420,5460,354734,-2.8469750889679712,407400,꿈비
2025-10-17,1881,1881,1815,1815,112091,-3.508771929824561,187790,나노
2025-10-17,52000,56600,51100,54700,339360,5.1923076923076925,121600,나노신소재
2025-10-17,1822,1965,1798,1881,278066,3.2381997804610316,286750,나노실리칸첨단소재
2025-10-17,4795,4975,4685,4730,21106,-1.3555787278415017,247660,나노씨엠에스
2025-10-17,3330,3335,3285,3285,126471,-1.3513513513513513,039860,나노엔텍
2025-10-17,677,709,641,677,843122,0.0,091970,나노캠텍
2025-10-17,4900,5170,4735,5120,135009,4.170905391658189,417010,나노팀
2025-10-17,2480,2570,2465,2495,5318,-0.2,405920,나라셀라
2025-10-17,4175,4340,4125,4235,234444,1.680672268907563,051490,나라엠앤디
2025-10-17,3285,3490,3250,3285,28602,0.0,137080,나래나노텍
2025-10-17,17650,17660,16880,17030,102392,-3.7853107344632773,190510,나무가
2025-10-17,1419,1447,1370,1413,364146,-1.1888111888111887,242040,나무기술
2025-10-17,1173,1179,1142,1152,264247,-2.6204564666103125,293580,나우IB
2025-10-17,25000,25900,23600,23650,840915,-7.6171875,459510,나우로보틱스
2025-10-17,44000,44750,38600,39050,538147,-14.737991266375547,138610,나이벡
2025-10-17,5650,5650,5500,5520,7274,-1.6042780748663104,130580,나이스디앤비
2025-10-17,22500,23050,22100,22450,16988,-0.2222222222222222,036800,나이스정보통신
2025-10-17,3600,4055,3550,3880,12663124,5.578231292517007,267320,나인테크
2025-10-17,4750,4750,4690,4700,319,0.6423982869379015,111710,남화산업
2025-10-17,3935,3935,3750,3890,6917,-0.7653061224489796,091590,남화토건
2025-10-17,2535,2535,2400,2410,80656,-3.9840637450199203,168330,내츄럴엔도텍
2025-10-17,1023,1065,1007,1021,46605,-1.1616650532429817,094860,네오리진
2025-10-17,11900,12090,11610,11610,630141,-3.731343283582089,253590,네오셈
2025-10-17,5580,5710,5560,5590,59548,-1.584507042253521,212560,네오오토
2025-10-17,24350,24700,24100,24150,47390,-1.6293279022403258,095660,네오위즈
2025-10-17,22700,22900,22200,22250,6075,-2.197802197802198,042420,네오위즈홀딩스
2025-10-17,593,595,570,577,1540439,-2.3688663282571913,950220,네오이뮨텍
2025-10-17,8260,8340,7890,8010,144154,-2.909090909090909,311390,네오크레마
2025-10-17,4180,4315,4025,4055,114508,-3.681710213776722,085910,네오티스
2025-10-17,16700,16760,16210,16340,141931,-2.155688622754491,092730,네오팜
2025-10-17,915,950,879,907,99257,-0.8743169398907104,290660,네오펙트
2025-10-17,2075,2075,1995,2010,244255,-2.663438256658596,306620,네온테크
2025-10-17,7700,7760,7640,7750,2750,-0.12886597938144329,153460,네이블
2025-10-17,22900,24450,21700,23400,2226727,9.601873536299765,007390,네이처셀
2025-10-17,16400,16630,16160,16180,99156,-2.588801926550271,033640,네패스
2025-10-17,18790,19100,18220,18370,68282,-2.958267300581088,330860,네패스아크
2025-10-17,1549,1582,1482,1489,81899,-3.873466752743705,351320,넥사다이내믹스
2025-10-17,2420,2465,2370,2385,71668,-1.4462809917355373,089140,넥스턴바이오
2025-10-17,66500,67000,63500,63700,67550,-4.783258594917788,389650,넥스트바이오메디컬
2025-10-17,342,349,334,345,218897,0.8771929824561403,137940,넥스트아이
2025-10-17,3100,3110,3020,3035,159277,-2.88,396270,넥스트칩
2025-10-17,50400,52200,50200,51700,60586,0.7797270955165692,348210,넥스틴
2025-10-17,13360,13510,13220,13230,108564,-2.072538860103627,225570,넥슨게임즈
2025-10-17,2665,2700,2550,2625,164725,-1.1299435028248588,205500,넥써쓰
2025-10-17,6170,6260,6040,6040,56039,-2.4232633279483036,217270,넵튠
2025-10-17,5480,5540,5370,5380,136419,-1.824817518248175,104620,노랑풍선
2025-10-17,29800,29800,28650,28800,95191,-3.1932773109243695,473980,노머스
2025-10-17,16380,16720,16010,16600,236757,1.8404907975460123,194700,노바렉스
2025-10-17,22900,22900,21800,22100,145646,-5.957446808510639,285490,노바텍
2025-10-17,4905,4935,4670,4745,119318,-1.6580310880829014,145170,노브랜드
2025-10-17,0,0,0,411,0,0.0,106520,노블엠앤비
2025-10-17,2650,2690,2605,2610,607799,-0.5714285714285714,376930,노을
2025-10-17,4125,4125,3995,4005,97442,-0.7434944237918215,142280,녹십자엠에스
2025-10-17,9890,9890,9540,9560,68312,-2.8455284552845526,234690,녹십자웰빙
2025-10-17,8570,8650,8470,8540,49925,-1.0428736964078795,054050,농우바이오
2025-10-17,2880,2880,2750,2820,101156,-2.083333333333333,069140,누리플랜
2025-10-17,4000,4000,3825,3870,54190,-3.25,040160,누리플렉스
2025-10-17,1225,1226,1145,1146,487482,-3.697478991596639,332290,누보
2025-10-17,27200,27850,26750,26950,123108,-2.5316455696202533,348340,뉴로메카
2025-10-17,19620,23650,19550,21000,10479861,5.953582240161452,380550,뉴로핏
2025-10-17,1460,1477,1406,1409,90985,-2.6933701657458564,060260,뉴보텍
2025-10-17,24150,26550,23250,24200,1177740,-0.2061855670103093,463020,뉴엔AI
2025-10-17,1132,1132,1113,1113,21716,-1.678445229681979,123840,뉴온
2025-10-17,469,485,462,474,93554,0.0,012340,뉴인텍
2025-10-17,7750,8400,7060,7070,1433905,-2.6170798898071626,462310,뉴키즈온
2025-10-17,5320,5320,5100,5100,34174,-3.225806451612903,270870,뉴트리
2025-10-17,6600,6820,6320,6330,460078,-4.66867469879518,144960,뉴파워프라즈마
2025-10-17,5330,5330,5080,5100,219975,-3.7735849056603774,085670,뉴프렉스
2025-10-17,9250,9470,8920,8940,3749157,-4.385026737967915,064260,다날
2025-10-17,1558,1567,1515,1528,338268,-1.8625561978163132,340360,다보링크
2025-10-17,3210,3280,3105,3120,360733,0.16051364365971107,039560,다산네트웍스
2025-10-17,1041,1041,1014,1016,57420,-2.213666987487969,154040,다산솔루에타
2025-10-17,16920,17100,16600,16620,76524,-3.259604190919674,032190,다우데이타
2025-10-17,6500,6500,6230,6350,27543,-2.307692307692308,323350,다원넥스뷰
2025-10-17,5050,5220,5050,5080,225661,-2.307692307692308,068240,다원시스
2025-10-17,2550,2600,2490,2500,148079,-2.7237354085603114,464580,닷밀
2025-10-17,5930,6020,5850,5990,3336,1.353637901861252,020400,대동금속
2025-10-17,17300,17700,16530,17280,423240,10.911424903722722,008830,대동기어
2025-10-17,3380,3380,3290,3340,53514,1.3657056145675266,048470,대동스틸
2025-10-17,3675,3675,3635,3650,17421,-0.4092769440654843,004780,대륙제관
2025-10-17,7210,7250,7180,7210,2167,-0.6887052341597797,017650,대림제지
2025-10-17,22700,22850,21950,22250,31815,-3.67965367965368,389260,대명에너지
2025-10-17,7200,7360,7010,7120,169435,3.488372093023256,317850,대모
2025-10-17,16860,17430,16660,17110,57498,2.0274299344066784,290670,대보마그네틱
2025-10-17,12770,12780,12540,12580,25371,-1.178318931657502,078140,대봉엘에스
2025-10-17,0,0,0,145,0,0.0,065150,대산F&B
2025-10-17,7450,7450,7330,7440,5153,-0.1342281879194631,036480,대성미생물
2025-10-17,1645,1655,1605,1617,228900,-2.4728588661037394,027830,대성창투
2025-10-17,790,795,755,757,1125563,-3.4438775510204076,104040,대성파인텍
2025-10-17,4030,4030,3810,3930,54242,-2.481389578163772,129920,대성하이텍
2025-10-17,0,0,0,2150,0,0.0,457630,대신밸런스제16호스팩
2025-10-17,2150,2155,2140,2155,23967,0.23255813953488372,471050,대신밸런스제17호스팩
2025-10-17,2355,2535,2355,2390,652611,0.42016806722689076,478780,대신밸런스제18호스팩
2025-10-17,2105,2130,2105,2120,21975,-0.2352941176470588,482690,대신밸런스제19호스팩
2025-10-17,1040,1045,1019,1021,243413,-1.826923076923077,020180,대신정보통신
2025-10-17,4725,4740,4555,4570,665761,-3.28042328042328,045390,대아티아이
2025-10-17,26500,26700,25350,25350,70419,-3.795066413662239,108380,대양전기공업
2025-10-17,4730,4730,4535,4575,7806,-0.4352557127312296,007680,대원
2025-10-17,8890,8890,8680,8690,43830,-2.359550561797753,048910,대원미디어
2025-10-17,11480,11480,11050,11300,32068,0.08857395925597875,005710,대원산업
2025-10-17,12700,12750,12550,12610,20298,-0.7086614173228346,120240,대정화금
2025-10-17,1615,1615,1562,1565,551972,-2.674129353233831,003310,대주산업
2025-10-17,73200,77600,71600,75300,636288,4.874651810584958,078600,대주전자재료
2025-10-17,6450,7860,6295,7310,10643989,12.808641975308642,393970,대진첨단소재
2025-10-17,0,0,0,452,0,0.0,096350,대창솔루션
2025-10-17,2095,2140,2065,2100,61870,0.0,140520,대창스틸
2025-10-17,4730,4730,4660,4730,17163,0.0,131220,대한과학
2025-10-17,1812,1890,1776,1839,14816199,1.490066225165563,010170,대한광통신
2025-10-17,6790,6790,6670,6730,29222,-0.2962962962962963,054670,대한뉴팜
2025-10-17,29600,29600,29250,29400,14297,-1.507537688442211,023910,대한약품
2025-10-17,1430,1459,1420,1455,146190,0.7617728531855956,021040,대호특수강
2025-10-17,3160,3325,3160,3325,14744,3.90625,021045,대호특수강우
2025-10-17,16170,16340,15480,15570,182273,-3.650990099009901,067080,대화제약
2025-10-17,9640,9640,9480,9560,18005,-0.8298755186721992,298540,더네이쳐홀딩스
2025-10-17,1460,1460,1350,1417,92820,1.3590844062947067,032860,더라미
2025-10-17,7370,9270,7320,8820,4890212,18.389261744966444,393890,더블유씨피
2025-10-17,1945,1945,1836,1867,693520,-4.010282776349614,299170,더블유에스아이
2025-10-17,4195,4245,4095,4095,1028297,-3.6470588235294117,462860,더즌
2025-10-17,2915,3020,2915,2945,9810,1.376936316695353,224060,더코디
2025-10-17,0,0,0,380,0,0.0,043090,더테크놀로지
2025-10-17,44250,46250,44200,44800,133757,-0.9944751381215469,213420,덕산네오룩스
2025-10-17,18560,19250,18000,19000,410952,3.938730853391685,317330,덕산테코피아
2025-10-17,6790,6960,6620,6680,861386,-2.3391812865497075,077360,덕산하이메탈
2025-10-17,1375,1439,1369,1405,363409,2.5547445255474455,090410,덕신이피씨
2025-10-17,4345,4345,4265,4290,28873,-1.2658227848101267,263600,덕우전자
2025-10-17,44950,45850,44450,44500,43004,-2.4122807017543857,194480,데브시스터즈
2025-10-17,5730,6430,5350,5370,1853019,-3.5906642728904847,373160,데이원컴퍼니
2025-10-17,5240,5290,5130,5190,141905,-1.3307984790874523,263800,데이타솔루션
2025-10-17,5140,5160,5040,5140,55180,-1.3435700575815739,206560,덱스터
2025-10-17,5060,5060,4980,4990,59663,-1.7716535433070866,261200,덴티스
2025-10-17,29100,31000,28800,30400,86000,5.555555555555555,484120,도우인시스
2025-10-17,4645,4645,4545,4570,179637,-1.6146393972012916,067990,도이치모터스
2025-10-17,5450,5480,5380,5400,153465,-0.9174311926605505,006620,동구바이오제약
2025-10-17,2450,2450,2320,2345,142038,-3.0991735537190084,100130,동국S&C
2025-10-17,3110,3245,3065,3155,200936,1.4469453376205788,005160,동국산업
2025-10-17,3900,3920,3810,3835,156830,-1.6666666666666667,303810,동국생명과학
2025-10-17,2460,2535,2400,2405,691320,-3.2193158953722336,075970,동국알앤에스
2025-10-17,18660,18930,18440,18450,272065,-2.587117212249208,086450,동국제약
2025-10-17,10470,10510,10100,10150,138221,-1.932367149758454,240550,동방메디컬
2025-10-17,5840,5920,5350,5440,1384105,-4.393673110720562,099410,동방선기
2025-10-17,30300,30650,28850,28900,235362,-3.5058430717863103,033500,동성화인텍
2025-10-17,15850,16170,15500,15650,19896,-2.1875,025950,동신건설
2025-10-17,3930,3930,3795,3900,142624,-0.7633587786259541,088130,동아엘텍
2025-10-17,6800,7220,6640,6690,570589,1.0574018126888218,041930,동아화성
2025-10-17,1635,1801,1616,1689,1434924,3.302752293577982,060380,동양에스텍
2025-10-17,22150,22300,21950,22150,14852,0.0,079960,동양이엔피
2025-10-17,1720,1769,1699,1718,12140,-0.11627906976744186,228340,동양파일
2025-10-17,2135,2145,2105,2135,3194,0.0,088910,동우팜투테이블
2025-10-17,16790,16790,16280,16280,99372,-2.6897788404064555,094170,동운아나텍
2025-10-17,2765,2780,2710,2735,43627,-0.36429872495446264,013120,동원개발
2025-10-17,8060,8100,7990,7990,1249,-0.8684863523573202,109860,동일금속
2025-10-17,11700,11850,11530,11760,2684,2.3498694516971277,032960,동일기연
2025-10-17,2510,2885,2350,2360,6549768,-3.6734693877551026,023790,동일스틸럭스
2025-10-17,43650,44600,42750,43150,577575,-2.595936794582393,005290,동진쎄미켐
2025-10-17,9670,10350,9550,10180,408665,2.8282828282828283,025900,동화기업
2025-10-17,52000,52900,49500,49850,515747,-6.120527306967985,131970,두산테스나
2025-10-17,1837,1859,1815,1840,22375,-1.0220548682087143,073190,듀오백
2025-10-17,9490,9490,9190,9200,19384,-2.023429179978701,176750,듀켐바이오
2025-10-17,0,0,0,973,0,0.0,030350,드래곤플라이
2025-10-17,3450,3470,3365,3365,516925,-3.8571428571428568,203650,드림시큐리티
2025-10-17,5000,5060,4650,4850,397156,-1.4227642276422763,223250,드림씨아이에스
2025-10-17,1814,1923,1715,1725,368124,-2.871621621621622,060570,드림어스컴퍼니
2025-10-17,1912,1914,1838,1846,90656,-3.4518828451882846,362990,드림인사이트
2025-10-17,6980,6980,6630,6630,18355,-5.957446808510639,016670,디모아
2025-10-17,12550,12600,12150,12470,13553,-1.811023622047244,187870,디바이스
2025-10-17,2035,2040,2025,2035,2521,0.0,489730,디비금융제13호스팩
2025-10-17,1999,1999,1996,1996,8070,-0.1500750375187594,0004Y0,디비금융제14호스팩
2025-10-17,16000,16970,15930,16060,161121,-1.4723926380368098,110990,디아이티
2025-10-17,6050,6050,5900,5980,24665,-1.1570247933884297,263690,디알젬
2025-10-17,2005,2030,1977,1977,313508,-1.3965087281795512,214680,디알텍
2025-10-17,166600,172900,159800,161000,463707,-4.337492572786691,347850,디앤디파마텍
2025-10-17,14370,14430,14070,14090,45765,-2.0166898470097356,263720,디앤씨미디어
2025-10-17,39500,39800,37500,37800,424958,-4.785894206549118,376300,디어유
2025-10-17,7980,7980,7590,7760,57523,-1.1464968152866242,109740,디에스케이
2025-10-17,783,792,777,790,34145,0.8939974457215836,031860,디에이치엑스컴퍼니
2025-10-17,0,0,0,203,0,0.0,196490,디에이테크놀로지
2025-10-17,2085,2095,2015,2015,15898,-4.0476190476190474,066900,디에이피
2025-10-17,17250,17490,16690,16940,86964,-1.7971014492753623,092070,디엔에프
2025-10-17,16970,17300,16810,16860,17988,-0.648202710665881,039840,디오
2025-10-17,283,285,268,274,1296699,-2.8368794326241136,219550,디와이디
2025-10-17,1250,1336,1241,1324,374156,5.666400638467677,310870,디와이씨
2025-10-17,14570,14580,13960,13960,30205,-3.8567493112947657,104460,디와이피엔에프
2025-10-17,6410,6640,6330,6620,328999,3.4375000000000004,079810,디이엔티
2025-10-17,783,799,760,761,230707,-2.0592020592020592,113810,디젠스
2025-10-17,2220,2260,2185,2190,2105,-1.3513513513513513,043360,디지아이
2025-10-17,2025,2025,1988,2000,8861,-0.24937655860349126,197140,디지캡
2025-10-17,6860,6890,6780,6830,122578,-0.5822416302765648,068930,디지털대성
2025-10-17,1502,1502,1489,1496,55399,-0.4657351962741184,033130,디지틀조선
2025-10-17,9550,9830,9550,9550,89025,-0.7276507276507277,105740,디케이락
2025-10-17,3055,3070,3010,3055,48733,0.0,263020,디케이앤디
2025-10-17,7800,7830,7540,7570,100116,-2.9487179487179485,290550,디케이티
2025-10-17,2935,2960,2890,2935,101367,-0.3395585738539898,066670,디티씨
2025-10-17,2885,2930,2800,2810,103120,-2.5996533795493932,187220,디티앤씨
2025-10-17,2915,2920,2850,2900,54888,-0.5145797598627788,383930,디티앤씨알오
2025-10-17,999,1001,972,999,37634,-0.1998001998001998,131180,딜리
2025-10-17,4495,4540,4320,4330,135716,-4.6255506607929515,315640,딥노이드
2025-10-17,2535,2610,2425,2470,1016315,-7.490636704119851,317120,라닉스
2025-10-17,7300,7320,7110,7110,70240,-2.3351648351648353,462510,라메디텍
2025-10-17,10140,10140,9950,10070,81270,-1.080550098231827,042510,라온시큐어
2025-10-17,8650,8840,8300,8500,125984,-2.2988505747126435,232680,라온테크
2025-10-17,4850,4855,4615,4615,258566,-5.236139630390143,418420,라온텍
2025-10-17,3575,3650,3515,3550,27970,-1.2517385257301807,300120,라온피플
2025-10-17,2190,2190,2135,2160,43257,0.23201856148491878,171120,라이온켐텍
2025-10-17,2380,2380,2240,2240,52844,-2.3965141612200433,388790,라이콤
2025-10-17,14660,14670,14100,14200,71813,-5.270180120080053,214260,라파스
2025-10-17,4345,4425,4280,4295,105711,-2.937853107344633,171010,램테크놀러지
2025-10-17,2190,2200,2140,2170,670513,-1.3636363636363635,084650,랩지노믹스
2025-10-17,2235,2265,2160,2170,241044,-3.125,217500,러셀
2025-10-17,11540,11560,11430,11500,25202,-0.34662045060658575,038390,레드캡투어
2025-10-17,7340,7540,7210,7290,130246,-0.6811989100817438,294140,레몬
2025-10-17,10690,10800,10600,10690,9203,-0.6505576208178439,443250,레뷰코퍼레이션
2025-10-17,5270,5270,5070,5080,109469,-3.0534351145038165,228670,레이
2025-10-17,5680,5770,5550,5770,12488,1.763668430335097,228850,레이언스
2025-10-17,2485,2485,2345,2355,152687,-3.285420944558522,412350,레이저쎌
2025-10-17,7010,7090,6770,6940,78419,-0.28735632183908044,199550,레이저옵텍
2025-10-17,14950,15350,14610,15000,1181634,0.4016064257028112,281740,레이크머티리얼즈
2025-10-17,337000,347000,331000,331500,209321,-3.4934497816593884,277810,레인보우로보틱스
2025-10-17,6940,8380,6930,7420,16746223,4.507042253521127,215100,로보로보
2025-10-17,67400,70800,63700,64400,1531288,-8.131241084165477,090360,로보스타
2025-10-17,195600,202500,190900,192200,930511,-2.1384928716904277,108490,로보티즈
2025-10-17,990,1021,990,996,40984,-0.4,900260,로스웰
2025-10-17,2940,2940,2870,2890,12094,-1.7006802721088436,067730,로지시스
2025-10-17,13120,13120,12100,12300,125561,-6.25,071280,로체시스템즈
2025-10-17,34650,35600,32000,34800,3192887,1.1627906976744187,376900,로킷헬스케어
2025-10-17,4125,4245,3910,4220,17604,1.5643802647412757,214610,롤링스톤
2025-10-17,40850,41100,40000,40250,168449,-3.361344537815126,328130,루닛
2025-10-17,738,747,732,734,35248,-0.5420054200542005,038060,루멘스
2025-10-17,8900,9060,8690,8760,296273,-1.4623172103487065,474170,루미르
2025-10-17,135500,137200,131000,131600,520711,-0.7541478129713424,141080,리가켐바이오
2025-10-17,56400,58500,56300,57100,544740,-1.0398613518197575,058470,리노공업
2025-10-17,2265,2280,2210,2235,30131,-2.1881838074398248,016100,리더스코스메틱
2025-10-17,4030,4030,3915,3920,65167,-1.7543859649122806,012700,리드코프
2025-10-17,3415,3490,3375,3490,238271,0.7215007215007215,302550,리메드
2025-10-17,1232,1270,1188,1204,1272627,-2.667744543249798,073570,리튬포어스
2025-10-17,13210,13230,12750,12890,47478,-2.2003034901365703,377450,리파인
2025-10-17,5560,5690,5410,5470,38429,-1.4414414414414414,277070,린드먼아시아
2025-10-17,3785,3790,3725,3730,65499,-1.453104359313078,042500,링네트
2025-10-17,489,491,468,477,134823,-3.048780487804878,193250,링크드
2025-10-17,26150,26850,25300,26550,331215,1.3358778625954197,474650,링크솔루션
2025-10-17,5250,5260,5150,5180,45306,-1.7077798861480076,219420,링크제니시스
2025-10-17,16000,16010,15650,15670,48778,-1.8170426065162906,439090,마녀공장
2025-10-17,2720,2725,2680,2680,34114,-1.651376146788991,195500,마니커에프앤지
2025-10-17,22250,22350,21500,21500,61123,-2.272727272727273,377480,마음AI
2025-10-17,9650,9750,9260,9400,85233,-2.5906735751295336,305090,마이크로디지탈
2025-10-17,25200,27400,24750,26300,252153,4.572564612326044,098120,마이크로컨텍솔
2025-10-17,9600,9670,9320,9350,31734,-2.705515088449532,424980,마이크로투나노
2025-10-17,15270,15290,15100,15150,18276,-0.8507853403141361,038290,마크로젠
2025-10-17,34400,35100,34400,34500,5636,-0.7194244604316548,267980,매일유업
2025-10-17,10910,11170,10790,10920,1838,0.09165902841429881,005990,매일홀딩스
2025-10-17,28000,28500,26000,26250,190314,-9.32642487046632,093520,매커스
2025-10-17,3290,3290,3220,3250,45897,-1.21580547112462,100590,머큐리
2025-10-17,32950,33000,32700,32950,2975,0.0,067280,멀티캠퍼스
2025-10-17,11260,11370,11220,11220,10864,-0.1779359430604982,072870,메가스터디
2025-10-17,42350,44950,42350,43850,47867,3.176470588235294,215200,메가스터디교육
2025-10-17,1920,1935,1908,1910,56453,-0.7792207792207793,133750,메가엠디
2025-10-17,4270,4345,4130,4190,299583,-1.2956419316843346,446540,메가터치
2025-10-17,3885,4030,3785,3990,235046,2.7027027027027026,235980,메드팩토
2025-10-17,4925,5000,4850,4870,57228,-1.9133937562940584,041920,메디아나
2025-10-17,2010,2020,1950,1972,19930,-1.4000000000000001,014100,메디앙스
2025-10-17,0,0,0,2295,0,0.0,054180,메디콕스
2025-10-17,118300,119000,117600,117700,40541,-1.7529215358931551,086900,메디톡스
2025-10-17,15050,16140,14800,15690,374833,8.65650969529086,078160,메디포스트
2025-10-17,2980,3040,2855,2910,87331,-1.3559322033898304,408920,메쎄이상
2025-10-17,305,320,299,301,304316,-1.6339869281045754,021880,메이슨캐피탈
2025-10-17,62000,63400,56900,58800,521524,-10.773899848254933,140410,메지온
2025-10-17,24850,24850,22700,22950,131796,-10.176125244618394,241770,메카로
2025-10-17,5790,5930,5780,5800,321344,-0.17211703958691912,059210,메타바이오메드
2025-10-17,1913,1920,1891,1896,55836,-1.3014055179593962,058110,멕아이씨에스
2025-10-17,4250,4290,4105,4130,217048,-3.953488372093023,434480,모니터랩
2025-10-17,1964,1968,1951,1963,1850,0.15306122448979592,080420,모다이노칩
2025-10-17,12200,12380,12080,12280,43916,-0.7275666936135812,417970,모델솔루션
2025-10-17,11700,11790,11470,11580,79668,-1.0256410256410255,080160,모두투어
2025-10-17,1905,1998,1880,1885,440859,-0.7894736842105263,087260,모바일어플라이언스
2025-10-17,3325,3340,3210,3270,38624,-1.6541353383458646,101330,모베이스
2025-10-17,1366,1374,1341,1346,86437,-1.4641288433382138,012860,모베이스전자
2025-10-17,1905,1905,1725,1740,1194287,-8.469226722777485,363260,모비데이즈
2025-10-17,3910,3910,3850,3870,5663,-1.0230179028132993,348030,모비릭스
2025-10-17,2800,2820,2735,2760,344189,-1.7793594306049825,250060,모비스
2025-10-17,1113,1114,1093,1093,210715,-1.7969451931716083,288980,모아데이타
2025-10-17,1814,1833,1678,1800,369401,-0.7717750826901874,142760,모아라이프플러스
2025-10-17,3155,3180,3120,3125,4882,-0.9508716323296356,033200,모아텍
2025-10-17,1532,1533,1488,1510,100395,-2.075226977950713,333050,모코엠시스
2025-10-17,8520,8740,8490,8590,51234,0.5854800936768151,118990,모트렉스
2025-10-17,10900,10980,10510,10870,800960,1.1162790697674418,463480,모티브링크
2025-10-17,3235,3235,3080,3100,82994,-3.875968992248062,006920,모헨즈
2025-10-17,1520,1520,1495,1515,23376,0.7984031936127743,001810,무림SP
2025-10-17,9690,9900,9690,9900,911,2.1671826625387,279600,미디어젠
2025-10-17,10090,10580,9980,10290,706115,0.3902439024390244,095500,미래나노텍
2025-10-17,17600,18100,17440,17490,115887,-2.8872848417545804,254490,미래반도체
2025-10-17,3375,3450,3255,3275,691578,-2.674591381872214,218150,미래생명자원
2025-10-17,10530,10550,10530,10540,47170,0.0949667616334283,442900,미래에셋드림스팩1호
2025-10-17,7700,7740,7300,7430,234369,-4.129032258064516,100790,미래에셋벤처투자
2025-10-17,2150,2250,2145,2245,569235,4.4186046511627906,448830,미래에셋비전스팩3호
2025-10-17,2045,2050,2040,2050,15545,0.24449877750611246,477380,미래에셋비전스팩4호
2025-10-17,2080,2090,2080,2090,1519,0.0,477470,미래에셋비전스팩5호
2025-10-17,2020,2030,2020,2030,2769,0.24691358024691357,478440,미래에셋비전스팩6호
2025-10-17,2000,2010,1998,2005,67102,0.25,482680,미래에셋비전스팩7호
2025-10-17,16280,16280,15940,16110,38570,-1.1049723756906076,049950,미래컴퍼니
2025-10-17,1688,1689,1620,1621,1203826,-3.912270302311796,207760,미스터블루
2025-10-17,15420,15960,14950,15000,568474,-2.7237354085603114,059090,미코
2025-10-17,5090,5130,4945,4970,641921,-2.357563850687623,201490,미투온
2025-10-17,9670,10580,9550,9730,219902,0.8290155440414507,475460,미트박스
2025-10-17,3000,3400,2920,3270,1210492,9.731543624161073,452200,민테크
2025-10-17,14060,14070,13760,13840,51673,-1.5647226173541962,206640,바디텍메드
2025-10-17,1064,1071,1051,1051,42764,-1.2218045112781954,018700,바른손
2025-10-17,425,427,417,421,72927,-0.9411764705882352,035620,바른손이앤에이
2025-10-17,16150,16220,15890,15960,306089,-1.1764705882352942,053030,바이넥스
2025-10-17,4090,4245,3975,3995,57970,-2.3227383863080684,301300,바이브컴퍼니
2025-10-17,13350,13530,13070,13080,74424,-2.169035153328347,064550,바이오니아
2025-10-17,14480,14480,13890,14000,124298,-2.9799029799029797,314930,바이오다인
2025-10-17,15700,15790,15400,15430,116782,-2.4652338811630847,489460,바이오비쥬
2025-10-17,8220,8220,7810,7810,67819,-3.4610630407911,086820,바이오솔루션
2025-10-17,2965,2965,2875,2890,88819,-2.0338983050847457,038460,바이오스마트
2025-10-17,16500,16900,16200,16410,49495,-1.0849909584086799,251120,바이오에프디엔씨
2025-10-17,4855,5000,4750,4800,17853,-1.2345679012345678,199730,바이오인프라
2025-10-17,2925,2945,2860,2860,16923,-2.054794520547945,086040,바이오톡스텍
2025-10-17,10840,10840,10310,10330,57187,-4.174397031539889,188040,바이오포트
2025-10-17,6360,6440,6230,6240,464112,-1.7322834645669292,099430,바이오플러스
2025-10-17,0,0,0,604,0,0.0,032980,바이온
2025-10-17,3525,3625,3465,3485,77543,-2.106741573033708,308080,바이젠셀
2025-10-17,22250,22250,21500,21500,57308,-3.3707865168539324,043150,바텍
2025-10-17,8930,8960,8810,8840,54818,-0.7856341189674524,323990,박셀바이오
2025-10-17,3805,3840,3750,3780,9815,-0.5263157894736842,267790,배럴
2025-10-17,2885,2905,2810,2840,87041,-1.559792027729636,046310,백금T&A
2025-10-17,578,583,571,576,88685,-1.2006861063464835,331520,밸로프
2025-10-17,6950,7000,6660,6720,312776,-3.3093525179856114,199480,뱅크웨어글로벌
2025-10-17,3835,3835,3710,3710,75572,-3.259452411994785,438700,버넥트
2025-10-17,0,0,0,1153,0,0.0,066410,버킷스튜디오
2025-10-17,28300,31100,27400,27750,792805,-3.4782608695652173,382900,범한퓨얼셀
2025-10-17,2225,2225,2155,2200,93027,-1.345291479820628,206400,베노티앤알
2025-10-17,2385,2385,2335,2360,12773,0.425531914893617,019010,베뉴지
2025-10-17,1503,1505,1380,1435,744713,-4.4607190412782955,177350,베셀
2025-10-17,2915,2945,2780,2800,71090,-3.7800687285223367,457600,벡트
2025-10-17,1001,1040,1001,1034,232854,3.296703296703297,424760,벨로크
2025-10-17,9210,9210,8900,8930,18986,-2.5109170305676853,250000,보라티알
2025-10-17,156900,176900,156700,173500,237052,8.845671267252197,310210,보로노이
2025-10-17,5490,5610,5020,5230,3557351,-7.2695035460992905,006910,보성파워텍
2025-10-17,836,839,811,816,133158,-2.3923444976076556,226340,본느
2025-10-17,1507,1510,1487,1491,91390,-0.8643617021276596,014470,부방
2025-10-17,4095,4190,4080,4185,15623,2.197802197802198,008470,부스타
2025-10-17,24300,24400,23500,23600,127945,-4.838709677419355,338220,뷰노
2025-10-17,19940,19940,19390,19510,47955,-1.4646464646464648,100120,뷰웍스
2025-10-17,11200,11200,11020,11020,3770,-1.607142857142857,406820,뷰티스킨
2025-10-17,5550,5550,5450,5480,4530,-1.4388489208633095,099390,브레인즈컴퍼니
2025-10-17,4965,4965,4810,4825,51961,-1.7311608961303464,064480,브리지텍
2025-10-17,3150,3325,3130,3325,16300,6.570512820512821,365900,브이씨
2025-10-17,22000,22750,21350,21350,601324,-3.1746031746031744,089970,브이엠
2025-10-17,5780,5900,5480,5600,107456,-3.1141868512110724,251630,브이원텍
2025-10-17,26600,26650,26000,26150,385112,-2.0599250936329585,018290,브이티
2025-10-17,3555,3570,3460,3530,53407,-0.8426966292134831,478560,블랙야크아이앤씨
2025-10-17,5210,5270,5080,5100,544465,-3.5916824196597354,439580,블루엠텍
2025-10-17,3360,3360,3270,3315,36302,-1.3392857142857142,033560,블루콤
2025-10-17,1250,1257,1214,1247,11640,-0.24,369370,블리츠웨이엔터테인먼트
2025-10-17,53500,54100,51400,51800,107455,-3.3582089552238807,126340,비나텍
2025-10-17,0,0,0,3320,0,0.0,121800,비덴트
2025-10-17,5030,5130,4870,4900,506923,-2.584493041749503,082800,비보존 제약
2025-10-17,9250,9270,9000,9140,29064,-2.2459893048128343,318410,비비씨
2025-10-17,1374,1375,1309,1337,187931,-3.395953757225433,419540,비스토스
2025-10-17,13440,14140,12750,13370,159082,0.677710843373494,146320,비씨엔씨
2025-10-17,4750,4760,4690,4750,1395,0.0,200780,비씨월드제약
2025-10-17,13670,13670,12840,12850,72121,-5.998536942209217,413640,비아이매트릭스
2025-10-17,8760,8760,8520,8580,28826,-2.054794520547945,141000,비아트론
